PRAGMA foreign_keys=OFF;
BEGIN TRANSACTION;
CREATE TABLE IF NOT EXISTS "django_migrations" ("id" integer NOT NULL PRIMARY KEY AUTOINCREMENT, "app" varchar(255) NOT NULL, "name" varchar(255) NOT NULL, "applied" datetime NOT NULL);
INSERT INTO django_migrations VALUES(1,'contenttypes','0001_initial','2023-07-03 20:43:18.605753');
INSERT INTO django_migrations VALUES(2,'auth','0001_initial','2023-07-03 20:43:18.631756');
INSERT INTO django_migrations VALUES(3,'admin','0001_initial','2023-07-03 20:43:18.647753');
INSERT INTO django_migrations VALUES(4,'admin','0002_logentry_remove_auto_add','2023-07-03 20:43:18.658753');
INSERT INTO django_migrations VALUES(5,'admin','0003_logentry_add_action_flag_choices','2023-07-03 20:43:18.666753');
INSERT INTO django_migrations VALUES(6,'contenttypes','0002_remove_content_type_name','2023-07-03 20:43:18.682753');
INSERT INTO django_migrations VALUES(7,'auth','0002_alter_permission_name_max_length','2023-07-03 20:43:18.695754');
INSERT INTO django_migrations VALUES(8,'auth','0003_alter_user_email_max_length','2023-07-03 20:43:18.705753');
INSERT INTO django_migrations VALUES(9,'auth','0004_alter_user_username_opts','2023-07-03 20:43:18.714753');
INSERT INTO django_migrations VALUES(10,'auth','0005_alter_user_last_login_null','2023-07-03 20:43:18.725755');
INSERT INTO django_migrations VALUES(11,'auth','0006_require_contenttypes_0002','2023-07-03 20:43:18.731753');
INSERT INTO django_migrations VALUES(12,'auth','0007_alter_validators_add_error_messages','2023-07-03 20:43:18.740753');
INSERT INTO django_migrations VALUES(13,'auth','0008_alter_user_username_max_length','2023-07-03 20:43:18.751753');
INSERT INTO django_migrations VALUES(14,'auth','0009_alter_user_last_name_max_length','2023-07-03 20:43:18.762753');
INSERT INTO django_migrations VALUES(15,'auth','0010_alter_group_name_max_length','2023-07-03 20:43:18.772754');
INSERT INTO django_migrations VALUES(16,'auth','0011_update_proxy_permissions','2023-07-03 20:43:18.782753');
INSERT INTO django_migrations VALUES(17,'auth','0012_alter_user_first_name_max_length','2023-07-03 20:43:18.793753');
INSERT INTO django_migrations VALUES(18,'sessions','0001_initial','2023-07-03 20:43:18.804753');
INSERT INTO django_migrations VALUES(19,'breed','0001_initial','2023-07-03 20:45:47.617707');
INSERT INTO django_migrations VALUES(20,'breed','0002_alter_breed_options','2023-07-04 20:10:55.882210');
INSERT INTO django_migrations VALUES(21,'dogs','0001_initial','2023-07-04 20:10:55.896211');
INSERT INTO django_migrations VALUES(22,'dogs','0002_alter_dog_breed_id_alter_dog_chip_and_more','2023-07-04 23:28:24.149740');
INSERT INTO django_migrations VALUES(23,'dogs','0003_alter_dog_options_remove_dog_pedigree_code_and_more','2023-07-05 13:21:11.669406');
INSERT INTO django_migrations VALUES(24,'dogs','0004_rename_tattoo_num_dog_tattoo_remove_dog_tattoo_code','2023-07-05 13:34:05.824792');
INSERT INTO django_migrations VALUES(25,'class','0001_initial','2023-07-06 17:09:20.247028');
INSERT INTO django_migrations VALUES(26,'event','0001_initial','2023-07-06 19:05:54.066663');
INSERT INTO django_migrations VALUES(27,'event','0002_alter_event_class_id','2023-07-06 19:05:54.078664');
INSERT INTO django_migrations VALUES(28,'classes','0001_initial','2023-07-06 20:39:17.117388');
INSERT INTO django_migrations VALUES(29,'participant','0001_initial','2023-07-06 22:13:06.271527');
INSERT INTO django_migrations VALUES(30,'event','0003_type_alter_event_type','2023-07-10 18:50:03.550880');
INSERT INTO django_migrations VALUES(31,'event','0004_rank','2023-07-10 20:23:32.070561');
INSERT INTO django_migrations VALUES(32,'participant','0002_participant_class_id','2023-07-10 20:58:03.793166');
INSERT INTO django_migrations VALUES(33,'event','0005_remove_event_class_id','2023-07-10 21:13:24.138175');
CREATE TABLE IF NOT EXISTS "auth_group_permissions" ("id" integer NOT NULL PRIMARY KEY AUTOINCREMENT, "group_id" integer NOT NULL REFERENCES "auth_group" ("id") DEFERRABLE INITIALLY DEFERRED, "permission_id" integer NOT NULL REFERENCES "auth_permission" ("id") DEFERRABLE INITIALLY DEFERRED);
CREATE TABLE IF NOT EXISTS "auth_user_groups" ("id" integer NOT NULL PRIMARY KEY AUTOINCREMENT, "user_id" integer NOT NULL REFERENCES "auth_user" ("id") DEFERRABLE INITIALLY DEFERRED, "group_id" integer NOT NULL REFERENCES "auth_group" ("id") DEFERRABLE INITIALLY DEFERRED);
CREATE TABLE IF NOT EXISTS "auth_user_user_permissions" ("id" integer NOT NULL PRIMARY KEY AUTOINCREMENT, "user_id" integer NOT NULL REFERENCES "auth_user" ("id") DEFERRABLE INITIALLY DEFERRED, "permission_id" integer NOT NULL REFERENCES "auth_permission" ("id") DEFERRABLE INITIALLY DEFERRED);
CREATE TABLE IF NOT EXISTS "django_admin_log" ("id" integer NOT NULL PRIMARY KEY AUTOINCREMENT, "object_id" text NULL, "object_repr" varchar(200) NOT NULL, "action_flag" smallint unsigned NOT NULL CHECK ("action_flag" >= 0), "change_message" text NOT NULL, "content_type_id" integer NULL REFERENCES "django_content_type" ("id") DEFERRABLE INITIALLY DEFERRED, "user_id" integer NOT NULL REFERENCES "auth_user" ("id") DEFERRABLE INITIALLY DEFERRED, "action_time" datetime NOT NULL);
INSERT INTO django_admin_log VALUES(1,'3','Dog object (3)',3,'',8,1,'2023-07-05 19:20:46.469822');
INSERT INTO django_admin_log VALUES(2,'2','Dog object (2)',3,'',8,1,'2023-07-05 19:20:46.475823');
INSERT INTO django_admin_log VALUES(3,'1','Dog object (1)',3,'',8,1,'2023-07-05 19:20:46.481478');
INSERT INTO django_admin_log VALUES(4,'35','Participant object (35)',3,'',12,1,'2023-07-06 23:45:10.522249');
CREATE TABLE IF NOT EXISTS "django_content_type" ("id" integer NOT NULL PRIMARY KEY AUTOINCREMENT, "app_label" varchar(100) NOT NULL, "model" varchar(100) NOT NULL);
INSERT INTO django_content_type VALUES(1,'admin','logentry');
INSERT INTO django_content_type VALUES(2,'auth','permission');
INSERT INTO django_content_type VALUES(3,'auth','group');
INSERT INTO django_content_type VALUES(4,'auth','user');
INSERT INTO django_content_type VALUES(5,'contenttypes','contenttype');
INSERT INTO django_content_type VALUES(6,'sessions','session');
INSERT INTO django_content_type VALUES(7,'breed','breed');
INSERT INTO django_content_type VALUES(8,'dogs','dog');
INSERT INTO django_content_type VALUES(9,'class','class');
INSERT INTO django_content_type VALUES(10,'event','event');
INSERT INTO django_content_type VALUES(11,'classes','dogclass');
INSERT INTO django_content_type VALUES(12,'participant','participant');
INSERT INTO django_content_type VALUES(13,'event','type');
INSERT INTO django_content_type VALUES(14,'event','rank');
CREATE TABLE IF NOT EXISTS "auth_permission" ("id" integer NOT NULL PRIMARY KEY AUTOINCREMENT, "content_type_id" integer NOT NULL REFERENCES "django_content_type" ("id") DEFERRABLE INITIALLY DEFERRED, "codename" varchar(100) NOT NULL, "name" varchar(255) NOT NULL);
INSERT INTO auth_permission VALUES(1,1,'add_logentry','Can add log entry');
INSERT INTO auth_permission VALUES(2,1,'change_logentry','Can change log entry');
INSERT INTO auth_permission VALUES(3,1,'delete_logentry','Can delete log entry');
INSERT INTO auth_permission VALUES(4,1,'view_logentry','Can view log entry');
INSERT INTO auth_permission VALUES(5,2,'add_permission','Can add permission');
INSERT INTO auth_permission VALUES(6,2,'change_permission','Can change permission');
INSERT INTO auth_permission VALUES(7,2,'delete_permission','Can delete permission');
INSERT INTO auth_permission VALUES(8,2,'view_permission','Can view permission');
INSERT INTO auth_permission VALUES(9,3,'add_group','Can add group');
INSERT INTO auth_permission VALUES(10,3,'change_group','Can change group');
INSERT INTO auth_permission VALUES(11,3,'delete_group','Can delete group');
INSERT INTO auth_permission VALUES(12,3,'view_group','Can view group');
INSERT INTO auth_permission VALUES(13,4,'add_user','Can add user');
INSERT INTO auth_permission VALUES(14,4,'change_user','Can change user');
INSERT INTO auth_permission VALUES(15,4,'delete_user','Can delete user');
INSERT INTO auth_permission VALUES(16,4,'view_user','Can view user');
INSERT INTO auth_permission VALUES(17,5,'add_contenttype','Can add content type');
INSERT INTO auth_permission VALUES(18,5,'change_contenttype','Can change content type');
INSERT INTO auth_permission VALUES(19,5,'delete_contenttype','Can delete content type');
INSERT INTO auth_permission VALUES(20,5,'view_contenttype','Can view content type');
INSERT INTO auth_permission VALUES(21,6,'add_session','Can add session');
INSERT INTO auth_permission VALUES(22,6,'change_session','Can change session');
INSERT INTO auth_permission VALUES(23,6,'delete_session','Can delete session');
INSERT INTO auth_permission VALUES(24,6,'view_session','Can view session');
INSERT INTO auth_permission VALUES(25,7,'add_breed','Can add breed');
INSERT INTO auth_permission VALUES(26,7,'change_breed','Can change breed');
INSERT INTO auth_permission VALUES(27,7,'delete_breed','Can delete breed');
INSERT INTO auth_permission VALUES(28,7,'view_breed','Can view breed');
INSERT INTO auth_permission VALUES(29,8,'add_dog','Can add dog');
INSERT INTO auth_permission VALUES(30,8,'change_dog','Can change dog');
INSERT INTO auth_permission VALUES(31,8,'delete_dog','Can delete dog');
INSERT INTO auth_permission VALUES(32,8,'view_dog','Can view dog');
INSERT INTO auth_permission VALUES(33,9,'add_class','Can add Класс');
INSERT INTO auth_permission VALUES(34,9,'change_class','Can change Класс');
INSERT INTO auth_permission VALUES(35,9,'delete_class','Can delete Класс');
INSERT INTO auth_permission VALUES(36,9,'view_class','Can view Класс');
INSERT INTO auth_permission VALUES(37,10,'add_event','Can add Событие');
INSERT INTO auth_permission VALUES(38,10,'change_event','Can change Событие');
INSERT INTO auth_permission VALUES(39,10,'delete_event','Can delete Событие');
INSERT INTO auth_permission VALUES(40,10,'view_event','Can view Событие');
INSERT INTO auth_permission VALUES(41,11,'add_dogclass','Can add Класс');
INSERT INTO auth_permission VALUES(42,11,'change_dogclass','Can change Класс');
INSERT INTO auth_permission VALUES(43,11,'delete_dogclass','Can delete Класс');
INSERT INTO auth_permission VALUES(44,11,'view_dogclass','Can view Класс');
INSERT INTO auth_permission VALUES(45,12,'add_participant','Can add participant');
INSERT INTO auth_permission VALUES(46,12,'change_participant','Can change participant');
INSERT INTO auth_permission VALUES(47,12,'delete_participant','Can delete participant');
INSERT INTO auth_permission VALUES(48,12,'view_participant','Can view participant');
INSERT INTO auth_permission VALUES(49,13,'add_type','Can add Тип');
INSERT INTO auth_permission VALUES(50,13,'change_type','Can change Тип');
INSERT INTO auth_permission VALUES(51,13,'delete_type','Can delete Тип');
INSERT INTO auth_permission VALUES(52,13,'view_type','Can view Тип');
INSERT INTO auth_permission VALUES(53,14,'add_rank','Can add Ранг');
INSERT INTO auth_permission VALUES(54,14,'change_rank','Can change Ранг');
INSERT INTO auth_permission VALUES(55,14,'delete_rank','Can delete Ранг');
INSERT INTO auth_permission VALUES(56,14,'view_rank','Can view Ранг');
CREATE TABLE IF NOT EXISTS "auth_group" ("id" integer NOT NULL PRIMARY KEY AUTOINCREMENT, "name" varchar(150) NOT NULL UNIQUE);
CREATE TABLE IF NOT EXISTS "auth_user" ("id" integer NOT NULL PRIMARY KEY AUTOINCREMENT, "password" varchar(128) NOT NULL, "last_login" datetime NULL, "is_superuser" bool NOT NULL, "username" varchar(150) NOT NULL UNIQUE, "last_name" varchar(150) NOT NULL, "email" varchar(254) NOT NULL, "is_staff" bool NOT NULL, "is_active" bool NOT NULL, "date_joined" datetime NOT NULL, "first_name" varchar(150) NOT NULL);
INSERT INTO auth_user VALUES(1,'pbkdf2_sha256$600000$BMiE5PenNdKw6B6djl4tBh$BSA+5KzsRKhqvuEvj05cBLkOcfVRJgu0+TBs7i3aI9E=','2023-07-06 19:03:54.750813',1,'admin','','',1,1,'2023-07-03 21:26:02.999042','');
CREATE TABLE IF NOT EXISTS "django_session" ("session_key" varchar(40) NOT NULL PRIMARY KEY, "session_data" text NOT NULL, "expire_date" datetime NOT NULL);
INSERT INTO django_session VALUES('w0z4sp0jaq6h9y72gu13w2368vjh036u','.eJxVjDkOwjAUBe_iGlnmxxuU9Jwh-ptxACVSnFSIu0OkFNC-mXkv0-O61H5tOveDmLM5msPvRsgPHTcgdxxvk-VpXOaB7KbYnTZ7nUSfl939O6jY6reOUEikgEBA9gKKwblIwqohF3aJoiTymD2WmDBT4U47OAHnlMSDeX8AILw5IA:1qGR5P:6Bs1Tu4zpeoWmA5KzQjvekusPx0-4Bz9dnMEH4yHoNw','2023-07-17 21:27:55.950746');
INSERT INTO django_session VALUES('8xrbh50b001rr9nyc7ajfiskrybnk39p','.eJxVjDkOwjAUBe_iGlnmxxuU9Jwh-ptxACVSnFSIu0OkFNC-mXkv0-O61H5tOveDmLM5msPvRsgPHTcgdxxvk-VpXOaB7KbYnTZ7nUSfl939O6jY6reOUEikgEBA9gKKwblIwqohF3aJoiTymD2WmDBT4U47OAHnlMSDeX8AILw5IA:1qH838:_RnxLrWKa6GywPrc1a9rqizQiwR-f6dBB2HfzPcc4SM','2023-07-19 19:20:26.463393');
INSERT INTO django_session VALUES('nsb40sbsj82y3496pvxerthhnx05jamx','.eJxVjDkOwjAUBe_iGlnmxxuU9Jwh-ptxACVSnFSIu0OkFNC-mXkv0-O61H5tOveDmLM5msPvRsgPHTcgdxxvk-VpXOaB7KbYnTZ7nUSfl939O6jY6reOUEikgEBA9gKKwblIwqohF3aJoiTymD2WmDBT4U47OAHnlMSDeX8AILw5IA:1qHUGg:iQi5Z-TUFmJyxY35lXoVVzjk1cCWwN2Mhv25a-YhC9I','2023-07-20 19:03:54.756813');
CREATE TABLE IF NOT EXISTS "breed_breed" (
    "id" integer NOT NULL PRIMARY KEY AUTOINCREMENT, 
    "group" integer NOT NULL,
    "name_ru" text NOT NULL, 
    "name_en" text NOT NULL, 
    "country_ru" text NOT NULL, 
    "country_en" text NOT NULL, 
    "bid" integer NOT NULL, 
    "size" text NOT NULL
);
INSERT INTO breed_breed VALUES(1,1,'АВСТРАЛИЙСКАЯ КОРОТКОХВОСТАЯ ПАСТУШЬЯ СОБАКА','AUSTRALIAN STUMPY TAIL CATTLE DOG','Австралия','Australia',351,'с');
INSERT INTO breed_breed VALUES(2,1,'АВСТРАЛИЙСКАЯ ОВЧАРКА','AUSTRALIAN SHEPHERD','Австралия','Australia',342,'с');
INSERT INTO breed_breed VALUES(3,1,'АВСТРАЛИЙСКИЙ КЕЛПИ','AUSTRALIAN KELPIE (293) С','Австралия','Australia',293,'с');
INSERT INTO breed_breed VALUES(4,1,'АВСТРАЛИЙСКИЙ ХИЛЕР','AUSTRALIAN CATTLE DOG','Австралия','Australia',287,'с');
INSERT INTO breed_breed VALUES(5,1,'АРДЕННСКИЙ БУВЬЕ','BOUVIER DES ARDENNES','Бельгия','Belgium',171,'к');
INSERT INTO breed_breed VALUES(6,1,'БЕЛАЯ ШВЕЙЦАРСКАЯ ОВЧАРКА','WHITE SWISS SHEPHERD DOG','Швейцария','Switzerland',347,'к');
INSERT INTO breed_breed VALUES(7,1,'БЕЛЬГИЙСКАЯ ОВЧАРКА ГРЮНЕНДАЛЬ','BELGIAN SHEPHERD DOG GROENENDAEL','Бельгия','Belgium',15,'к');
INSERT INTO breed_breed VALUES(8,1,'БЕЛЬГИЙСКАЯ ОВЧАРКА ЛАКЕНУА','BELGIAN SHEPHERD DOG LAEKENOIS','Бельгия','Belgium',15,'к');
INSERT INTO breed_breed VALUES(9,1,'БЕЛЬГИЙСКАЯ ОВЧАРКА МАЛИНУА','BELGIAN SHEPHERD DOG MALINOIS','Бельгия','Belgium',15,'к');
INSERT INTO breed_breed VALUES(10,1,'БЕЛЬГИЙСКАЯ ОВЧАРКА ТЕРВЮРЕН','BELGIAN SHEPHERD DOG TERVUEREN','Бельгия','Belgium',15,'к');
INSERT INTO breed_breed VALUES(11,1,'БЕРГАМСКАЯ ОВЧАРКА','BERGAMASCO SHEPHERD DOG','Италия','Italy',194,'с');
INSERT INTO breed_breed VALUES(12,1,'БОГЕМСКАЯ ОВЧАРКА','BOHEMIAN SHEPHERD DOG (364) С','Чехия','Czech republic',364,'с');
INSERT INTO breed_breed VALUES(13,1,'БОРДЕР КОЛЛИ','BORDER COLLIE','Великобритания','Great Britain',297,'с');
INSERT INTO breed_breed VALUES(14,1,'БОРОДАТЫЙ КОЛЛИ','BEARDED COLLIE','Великобритания','Great Britain',271,'с');
INSERT INTO breed_breed VALUES(15,1,'БОСЕРОН','BEAUCE SHEEP DOG','Франция','France',44,'к');
INSERT INTO breed_breed VALUES(16,1,'БРИАР','BRIARD','Франция','France',113,'к');
INSERT INTO breed_breed VALUES(17,1,'ВЕЛЬШ КОРГИ КАРДИГАН','WELSH CORGI CARDIGAN','Великобритания','Great Britain',38,'с');
INSERT INTO breed_breed VALUES(18,1,'ВЕЛЬШ КОРГИ ПЕМБРОК','WELSH CORGI PEMBROKE','Великобритания','Great Britain',39,'с');
INSERT INTO breed_breed VALUES(19,1,'ВОЛЧЬЯ СОБАКА СААРЛОСА','SAARLOOSWOLFHOND','Нидерланды','Netherlands',311,'к');
INSERT INTO breed_breed VALUES(20,1,'ВОСТОЧНОЕВРОПЕЙСКАЯ ОВЧАРКА','VOSTOCHNOEVROPEISKAYA OVCHARKA (EAST EUROPEAN SHEPHERD DOG)','Россия','Russia',0,'к');
INSERT INTO breed_breed VALUES(21,1,'ГОЛЛАНДСКАЯ ОВЧАРКА','DUTCH SHEPHERD DOG','Нидерланды','Netherlands',223,'к');
INSERT INTO breed_breed VALUES(22,1,'ГОЛЛАНДСКИЙ СХАПЕНДУС','DUTCH SCHAPENDOES','Нидерланды','Netherlands',313,'с');
INSERT INTO breed_breed VALUES(23,1,'КАТАЛОНСКАЯ ОВЧАРКА','CATALONIAN SHEEPDOG','Испания','Spain',87,'с');
INSERT INTO breed_breed VALUES(24,1,'КОЛЛИ Д-Ш','COLLIE ROUGH','Великобритания','Great Britain',156,'с');
INSERT INTO breed_breed VALUES(25,1,'КОЛЛИ К-Ш','COLLIE SMOOTH','Великобритания','Great Britain',296,'с');
INSERT INTO breed_breed VALUES(26,1,'КОМОНДОР','KOMONDOR','Венгрия','Hungary',53,'к');
INSERT INTO breed_breed VALUES(27,1,'КУВАС','KUVASZ','Венгрия','Hungary',54,'к');
INSERT INTO breed_breed VALUES(28,1,'ЛАНКАШИРСКИЙ ХИЛЕР','LANCASHIRE HEELER','Великобритания','Great Britain',360,'м');
INSERT INTO breed_breed VALUES(29,1,'МАЙОРКСКАЯ ОВЧАРКА Д-Ш','MAJORCA SHEPHERD DOG LONG-HAIRED','Испания','Spain',321,'с');
INSERT INTO breed_breed VALUES(30,1,'МАЙОРКСКАЯ ОВЧАРКА К-Ш','MAJORCA SHEPHERD DOG SHORT-HAIRED','Испания','Spain',321,'с');
INSERT INTO breed_breed VALUES(31,1,'МАРЕММО-АБРУЦКАЯ ОВЧАРКА','MAREMMA AND THE ABRUZZES SHEEPDOG','Италия','Italy',201,'к');
INSERT INTO breed_breed VALUES(32,1,'МИНИАТЮРНАЯ АМЕРИКАНСКАЯ ОВЧАРКА','MINIATURE AMERICAN SHEPHERD','США','USA',367,'с');
INSERT INTO breed_breed VALUES(33,1,'МУДИ','MUDI','Венгрия','Hungary',238,'с');
INSERT INTO breed_breed VALUES(34,1,'НЕМЕЦКАЯ ОВЧАРКА','GERMAN SHEPHERD DOG','Германия','Germany',166,'к');
INSERT INTO breed_breed VALUES(35,1,'НЕМЕЦКАЯ ОВЧАРКА Д-Ш','GERMAN SHEPHERD DOG LONG HAIRED','Германия','Germany',166,'к');
INSERT INTO breed_breed VALUES(36,1,'ПИКАРДИЙСКАЯ ОВЧАРКА','PICARDY SHEEPDOG','Франция','France',176,'с');
INSERT INTO breed_breed VALUES(37,1,'ПИРИНЕЙСКАЯ ОВЧАРКА Д-Ш','PYRENEAN SHEEPDOG LONG-HAIRED','Франция','France',141,'к');
INSERT INTO breed_breed VALUES(38,1,'ПИРИНЕЙСКАЯ ОВЧАРКА К-Ш','PYRENEAN SHEEPDOG – SMOOTH FACED','Франция','France',138,'к');
INSERT INTO breed_breed VALUES(39,1,'ПОЛЬСКАЯ НИЗИННАЯ ОВЧАРКА','POLISH LOWLAND SHEEPDOG','Польша','Poland',251,'с');
INSERT INTO breed_breed VALUES(40,1,'ПОЛЬСКАЯ ПОДГАЛЯНСКАЯ ОВЧАРКА','TATRA SHEPHERD DOG','Польша','Poland',252,'к');
INSERT INTO breed_breed VALUES(41,1,'ПОРТУГАЛЬСКАЯ ОВЧАРКА','PORTUGUESE SHEEPDOG','Португалия','Portugal',93,'с');
INSERT INTO breed_breed VALUES(42,1,'ПУЛИ','PULI','Венгрия','Hungary',55,'с');
INSERT INTO breed_breed VALUES(43,1,'ПУМИ','PUMI','Венгрия','Hungary',56,'с');
INSERT INTO breed_breed VALUES(44,1,'РУМЫНСКАЯ КАРПАТСКАЯ ОВЧАРКА','ROMANIAN CARPATHIAN SHEPHERD DOG','Румыния','Romania',350,'к');
INSERT INTO breed_breed VALUES(45,1,'РУМЫНСКАЯ МИОРИТСКАЯ ОВЧАРКА','ROMANIAN MIORITIC SHEPHERD DOG','Румыния','Romania',349,'к');
INSERT INTO breed_breed VALUES(46,1,'СЛОВАЦКИЙ ЧУВАЧ','SLOVAKIAN CHUVACH','Словакия','Slovakia',142,'к');
INSERT INTO breed_breed VALUES(47,1,'СТАРОАНГЛИЙСКАЯ ОВЧАРКА','OLD ENGLISH SHEEPDOG','Великобритания','Great Britain',16,'к');
INSERT INTO breed_breed VALUES(48,1,'СХИППЕРКЕ','SCHIPPERKE','Бельгия','Belgium',83,'м');
INSERT INTO breed_breed VALUES(49,1,'ФЛАНДРСКИЙ БУВЬЕ','BOUVIER DES FLANDRES','Бельгия','Belgium',191,'к');
INSERT INTO breed_breed VALUES(50,1,'ХОРВАТСКАЯ ОВЧАРКА','CROATIAN SHEPHERD DOG','Хорватия','Croatia',277,'с');
INSERT INTO breed_breed VALUES(51,1,'ЧЕХОСЛАВАЦКАЯ ВОЛЧЬЯ СОБАКА','CESKOSLOVENSKY VLCAK','Словакия','Slovakia',332,'к');
INSERT INTO breed_breed VALUES(52,1,'ШЕЛТИ','SHETLAND SHEEPDOG','Великобритания','Great Britain',88,'м');
INSERT INTO breed_breed VALUES(53,1,'ЮЖНОРУССКАЯ ОВЧАРКА','YUZHNORUSSKAYA OVCHARKA (SOUTH RUSSIAN SHEEPHERD DOG)','Россия','Russia',326,'к');
INSERT INTO breed_breed VALUES(54,2,'АВСТРИЙСКИЙ ПИНЧЕР','AUSTRIAN PINSCHER','Австрия','Austria',64,'с');
INSERT INTO breed_breed VALUES(55,2,'АМЕРИКАНСКИЙ БУЛЛИ','AMERICAN BULLY','США','USA',0,'с');
INSERT INTO breed_breed VALUES(56,2,'АМЕРИКАНСКИЙ БУЛЬДОГ','AMERICAN BULLDOG','США','USA',0,'к');
INSERT INTO breed_breed VALUES(57,2,'АППЕНЦЕЛЛЕР ЗЕННЕНХУНД','APPENZELL CATTLE DOG','Швейцария','Switzerland',46,'с');
INSERT INTO breed_breed VALUES(58,2,'АРГЕНТИНСКИЙ ДОГ','DOGO ARGENTINO','Аргентина','Argentina',292,'к');
INSERT INTO breed_breed VALUES(59,2,'АТЛАССКАЯ ГОРНАЯ СОБАКА (АИДИ)','ATLAS MOUNTAIN DOG (AIDI)','Марокко','Morocco',247,'к');
INSERT INTO breed_breed VALUES(60,2,'АФФЕНПИНЧЕР','AFFENPINSCHER','Германия','Germany',186,'м');
INSERT INTO breed_breed VALUES(61,2,'БЕРНСКИЙ ЗЕННЕНХУНД','BERNESE MOUNTAIN DOG','Швейцария','Switzerland',45,'к');
INSERT INTO breed_breed VALUES(62,2,'БОЛЬШОЙ ШВЕЙЦАРСКИЙ ЗЕННЕНХУНД','GREAT SWISS MOUNTAIN DOG','Швейцария','Switzerland',58,'к');
INSERT INTO breed_breed VALUES(63,2,'БОРДОСКИЙ ДОГ','DOGUE DE BORDEAUX','Франция','France',116,'к');
INSERT INTO breed_breed VALUES(64,2,'БРАЗИЛЬСКИЙ ФИЛА','FILA BRASILEIRO','Бразилия','Brazil',225,'к');
INSERT INTO breed_breed VALUES(65,2,'БРОХОЛЬМЕР','BROHOLMER','Дания','Denmark',315,'к');
INSERT INTO breed_breed VALUES(66,2,'БУЛЬДОГ','BULLDOG','Великобритания','Great Britain',149,'с');
INSERT INTO breed_breed VALUES(67,2,'БУЛЬМАСТИФ','BULLMASTIFF','Великобритания','Great Britain',157,'к');
INSERT INTO breed_breed VALUES(68,2,'ГОЛЛАНДСКАЯ К-Ш СОБАКА','DUTCH SMOUSHOND','Нидерланды','Netherlands',308,'к');
INSERT INTO breed_breed VALUES(69,2,'ДАТСКО-ШВЕДСКАЯ ФЕРМЕРСКАЯ СОБАКА','DANISH-SWEDISH FARMDOG','Дания','Denmark',356,'с');
INSERT INTO breed_breed VALUES(70,2,'ДОБЕРМАН','DOBERMANN','Германия','Germany',143,'к');
INSERT INTO breed_breed VALUES(71,2,'ИСПАНСКИЙ МАСТИФ','SPANISH MASTIFF','Испания','Spain',91,'г');
INSERT INTO breed_breed VALUES(72,2,'ИТАЛЬЯНСКИЙ КАНЕ КОРСО','ITALIAN CANE CORSO','Италия','Italy',343,'к');
INSERT INTO breed_breed VALUES(73,2,'КАВКАЗСКАЯ ОВЧАРКА','KAVKAZSKAYA OVCHARKA (CAUCASIAN SHEPHERD DOG)','Россия','Russia',328,'к');
INSERT INTO breed_breed VALUES(74,2,'КАНГАЛЬСКАЯ ОВЧАРКА','KANGAL SHEPHERD DOG','Турция','Turkey',331,'к');
INSERT INTO breed_breed VALUES(75,2,'КАРСТСКАЯ ОВЧАРКА','KARST SHEPHERD DOG','Словения','Slovenia',278,'к');
INSERT INTO breed_breed VALUES(76,2,'КАСТРО ЛАБОРЕЙРО','CASTRO LABOREIRO DOG','Португалия','Portugal',170,'к');
INSERT INTO breed_breed VALUES(77,2,'КОНТИНЕНТАЛЬНЫЙ БУЛЬДОГ','CONTINENTAL BULLDOG','Швейцария','Switzerland',0,'к');
INSERT INTO breed_breed VALUES(78,2,'ЛАНДСИР','LANDSEER','Германия','Germany',226,'к');
INSERT INTO breed_breed VALUES(79,2,'ЛЕОНБЕРГЕР','LEONBERGER','Германия','Germany',145,'г');
INSERT INTO breed_breed VALUES(80,2,'МАЙОРКСКИЙ МАСТИФ','MAJORCA MASTIFF','Испания','Spain',249,'к');
INSERT INTO breed_breed VALUES(81,2,'МАСТИФ','MASTIFF','Великобритания','Great Britain',264,'г');
INSERT INTO breed_breed VALUES(82,2,'МОСКОВСКАЯ СТОРОЖЕВАЯ','MOSKOVSKAYA STOROZHEVAYA (MOSCOW WATCH DOG)','Россия','Russia',0,'к');
INSERT INTO breed_breed VALUES(83,2,'НЕАПОЛИТАНСКИЙ МАСТИФ','NEAPOLITAN MASTIFF','Италия','Italy',197,'к');
INSERT INTO breed_breed VALUES(84,2,'НЕМЕЦКИЙ БОКСЕР','BOXER','Германия','Germany',144,'к');
INSERT INTO breed_breed VALUES(85,2,'НЕМЕЦКИЙ ДОГ','GREAT DANE','Германия','Germany',235,'г');
INSERT INTO breed_breed VALUES(86,2,'НЕМЕЦКИЙ ПИНЧЕР','GERMAN PINSCHER','Германия','Germany',184,'с');
INSERT INTO breed_breed VALUES(87,2,'НЬЮФАУНДЛЕНД','NEWFOUNDLAND','Канада','Canada',50,'к');
INSERT INTO breed_breed VALUES(88,2,'ПИРЕНЕЙСКАЯ ГОРНАЯ СОБАКА','PYRENEAN MOUNTAIN DOG','Франция','France',137,'к');
INSERT INTO breed_breed VALUES(89,2,'ПИРИНЕЙСКИЙ МАСТИФ','PYRENEAN MASTIFF','Испания','Spain',92,'г');
INSERT INTO breed_breed VALUES(90,2,'ПРЕСА КАНАРИО','PRESA CANARIO','Испания','Spain',346,'к');
INSERT INTO breed_breed VALUES(91,2,'РАФЕЙРО ДО АЛЕНТЕЙЖО','RAFEIRO OF ALENTEJO','Португалия','Portugal',96,'к');
INSERT INTO breed_breed VALUES(92,2,'РИЗЕНШНАУЦЕР','GIANT SCHNAUZER','Германия','Germany',181,'к');
INSERT INTO breed_breed VALUES(93,2,'РОТВЕЙЛЕР','ROTTWEILER','Германия','Germany',147,'к');
INSERT INTO breed_breed VALUES(94,2,'РУМЫНСКАЯ БУКОВИНСКАЯ ОВЧАРКА','ROMANIAN BUCOVINA SHEPHERD','Румыния','Romania',357,'к');
INSERT INTO breed_breed VALUES(95,2,'РУССКИЙ ЧЕРНЫЙ ТЕРЬЕР','RUSSKIY СHIORNY TERRIER (RUSSIAN BLACK TERRIER)','Россия','Russia',327,'к');
INSERT INTO breed_breed VALUES(96,2,'САН-МИГЕЛЬСКАЯ ПАСТУШЬЯ СОБАКА','SAINT MIGUEL CATTLE DOG','Португалия','Portugal',340,'к');
INSERT INTO breed_breed VALUES(97,2,'СЕНБЕРНАР Д-Ш','ST. BERNARD LONG HAIRED','Швейцария','Switzerland',61,'г');
INSERT INTO breed_breed VALUES(98,2,'СЕНБЕРНАР К-Ш','ST. BERNARD SHORT HAIRED','Швейцария','Switzerland',61,'г');
INSERT INTO breed_breed VALUES(99,2,'СРЕДНЕАЗИАТСКАЯ ОВЧАРКА','SREDNEASIATSKAYA OVCHARKA (CENTRAL ASIA SHEPHERD DOG)','Россия','Russia',335,'к');
INSERT INTO breed_breed VALUES(100,2,'ТИБЕТСКИЙ МАСТИФ','TIBETAN MASTIFF (DO-KHYI)','Тибет','Tibet',230,'к');
INSERT INTO breed_breed VALUES(101,2,'ТОРНЯК','TORNJAK','Босния и Герцеговина, Хорватия','Bosnia and Herzegovina, Croatia',355,'к');
INSERT INTO breed_breed VALUES(102,2,'ТОСА','TOSA','Япония','Japan',260,'к');
INSERT INTO breed_breed VALUES(103,2,'УРУГВАЙСКИЙ СИМАРРОН','CIMARRÓN URUGUAYO','Уругвай','Uruguay',353,'к');
INSERT INTO breed_breed VALUES(104,2,'ХОВАВАРТ','HOVAWART','Германия','Germany',190,'к');
INSERT INTO breed_breed VALUES(105,2,'ХОТОШО (БУРЯТСКАЯ СОБАКА)','HOTOSHO (BURYATIAN DOG)','Россия','Russia',0,'к');
INSERT INTO breed_breed VALUES(106,2,'ЦВЕРГПИНЧЕР','MINIATURE PINSCHER','Германия','Germany',185,'м');
INSERT INTO breed_breed VALUES(107,2,'ЦВЕРГШНАУЦЕР','MINIATURE SCHNAUZER','Германия','Germany',183,'м');
INSERT INTO breed_breed VALUES(108,2,'ЧУНЦИН','CHONGQING DOG','Китай','China',0,'с');
INSERT INTO breed_breed VALUES(109,2,'ШАР ПЕЙ','SHAR PEI','Китай','China',309,'с');
INSERT INTO breed_breed VALUES(110,2,'ШНАУЦЕР','SCHNAUZER','Германия','Germany',182,'с');
INSERT INTO breed_breed VALUES(111,2,'ЭНТЛЕБУХЕР ЗЕННЕНХУНД','ENTLEBUCH CATTLE DOG','Швейцария','Switzerland',47,'с');
INSERT INTO breed_breed VALUES(112,2,'ЭШТРЕЛЬСКАЯ ГОРНАЯ СОБАКА Д-Ш','ESTRELA MOUNTAIN DOG LONG-HAIRED','Португалия','Portugal',173,'к');
INSERT INTO breed_breed VALUES(113,2,'ЭШТРЕЛЬСКАЯ ГОРНАЯ СОБАКА К-Ш','ESTRELA MOUNTAIN DOG SHORT-HAIRED','Португалия','Portugal',173,'к');
INSERT INTO breed_breed VALUES(114,2,'ЮГОСЛАВСКАЯ ОВЧАРКА ШАРПЛАНИНА','YUGOSLAVIAN SHEPHERD DOG SHARPLANINA','Сербия, Македония','Serbia, Macedonia',41,'к');
INSERT INTO breed_breed VALUES(115,2,'ЮЖНОАФРИКАНСКИЙ БУРБУЛЬ','SOUTH AFRICAN BOERBOEL','ЮАР','RSA',0,'к');
INSERT INTO breed_breed VALUES(116,3,'АВСТРАЛИЙСКИЙ ТЕРЬЕР','AUSRTRALIAN TERRIER','Австралия','Australia',8,'м');
INSERT INTO breed_breed VALUES(117,3,'АВСТРАЛИЙСКИЙ ШЕЛКОВИСТЫЙ ТЕРЬЕР','AUSRTRALIAN SILKY TERRIER','Австралия','Australia',236,'м');
INSERT INTO breed_breed VALUES(118,3,'АМЕРИКАНСКИЙ ГОЛЫЙ ТЕРЬЕР','AMERICAN HAIRLESS TERRIER','США','USA',0,'с');
INSERT INTO breed_breed VALUES(119,3,'АМЕРИКАНСКИЙ СТАФФОРДШИРСКИЙ ТЕРЬЕР','AMERICAN STAFFORDSHIRE TERRIER','США','USA',286,'с');
INSERT INTO breed_breed VALUES(120,3,'АНГЛИЙСКИЙ ТОЙ ТЕРЬЕР','ENGLISH TOY TERRIER (BLACK & TAN)','Великобритания','Great Britain',13,'м');
INSERT INTO breed_breed VALUES(121,3,'БЕДЛИНГТОН ТЕРЬЕР','BEDLINGTON TERRIER','Великобритания','Great Britain',9,'с');
INSERT INTO breed_breed VALUES(122,3,'БОРДЕР ТЕРЬЕР','BORDER TERRIER','Великобритания','Great Britain',10,'с');
INSERT INTO breed_breed VALUES(123,3,'БРАЗИЛЬСКИЙ ТЕРЬЕР','TERRIER BRAZILIAN','Бразилия','Brazil',341,'с');
INSERT INTO breed_breed VALUES(124,3,'БУЛЬТЕРЬБЕР','BULL TERRIER','Великобритания','Great Britain',11,'к');
INSERT INTO breed_breed VALUES(125,3,'БУЛЬТЕРЬЕР МИНИАТЮРНЫЙ','MINIATURE BULL TERRIER','Великобритания','Great Britain',359,'с');
INSERT INTO breed_breed VALUES(126,3,'ВЕЛЬШ ТЕРЬЕР','WELSH TERRIER','Великобритания','Great Britain',78,'с');
INSERT INTO breed_breed VALUES(127,3,'ВЕСТ ХАЙЛЕНД УАЙТ ТЕРЬЕР','WEST HIGHLAND WHITE TERRIER','Великобритания','Great Britain',85,'с');
INSERT INTO breed_breed VALUES(128,3,'ДЕНДИ ДИНМОНТ ТЕРЬЕР','DANDIE DINMONT TERRIER','Великобритания','Great Britain',168,'с');
INSERT INTO breed_breed VALUES(129,3,'ДЖЕК РАССЕЛ ТЕРЬЕР','JACK RUSSELL TERRIER','Австралия','Australia',345,'м');
INSERT INTO breed_breed VALUES(130,3,'ИРЛАНДСКИЙ ГЛЕН ОФ ИМАЛ ТЕРЬЕР','IRISH GLEN OF IMAAL TERRIER','Ирландия','Ireland',302,'с');
INSERT INTO breed_breed VALUES(131,3,'ИРЛАНДСКИЙ МЯГКОШЕРСТНЫЙ ПШЕНИЧНЫЙ ТЕРЬЕР','IRISH SOFT COATED WHEATEN TERRIER','Ирландия','Ireland',40,'с');
INSERT INTO breed_breed VALUES(132,3,'ИРЛАНДСКИЙ ТЕРЬЕР','IRISH TERRIER','Ирландия','Ireland',139,'с');
INSERT INTO breed_breed VALUES(133,3,'ЙОРКШИРСКИЙ ТЕРЬЕР','YORKSHIRE TERRIER','Великобритания','Great Britain',86,'м');
INSERT INTO breed_breed VALUES(134,3,'КEРН ТЕРЬЕР','CAIRN TERRIER','Великобритания','Great Britain',4,'с');
INSERT INTO breed_breed VALUES(135,3,'КЕРРИ БЛЮ ТЕРЬЕР','KERRY BLUE TERRIER','Ирландия','Ireland',3,'с');
INSERT INTO breed_breed VALUES(136,3,'ЛЕЙКЛЕНД ТЕРЬЕР','LAKELAND TERRIER','Великобритания','Great Britain',70,'с');
INSERT INTO breed_breed VALUES(137,3,'МАНЧЕСТЕР ТЕРЬЕР','MANCHESTER TERRIER','Великобритания','Great Britain',71,'с');
INSERT INTO breed_breed VALUES(138,3,'НЕМЕЦКИЙ ОХОТНИЧИЙ ТЕРЬЕР (ЯГДТЕРЬЕР)','GERMAN HUNTING TERRIER','Германия','Germany',103,'с');
INSERT INTO breed_breed VALUES(139,3,'НОРВИЧ ТЕРЬЕР','NORWICH TERRIER','Великобритания','Great Britain',72,'м');
INSERT INTO breed_breed VALUES(140,3,'НОРФОЛК ТЕРЬЕР','NORFOLK TERRIER','Великобритания','Great Britain',272,'м');
INSERT INTO breed_breed VALUES(141,3,'ПАРСОН РАССЕЛ ТЕРЬЕР','PARSON RUSSELL TERRIER','Великобритания','Great Britain',339,'с');
INSERT INTO breed_breed VALUES(142,3,'СИЛИХЕМ ТЕРЬЕР','SEALYHAM TERRIER','Великобритания','Great Britain',74,'с');
INSERT INTO breed_breed VALUES(143,3,'СКАЙ ТЕРЬЕР','SKYE TERRIER','Великобритания','Great Britain',75,'с');
INSERT INTO breed_breed VALUES(144,3,'СКОТЧ ТЕРЬЕР','SCOTTISH TERRIER','Великобритания','Great Britain',73,'с');
INSERT INTO breed_breed VALUES(145,3,'СТАФФОРДШИРСКИЙ БУЛЬТЕРЬЕР','STAFFORDSHIRE BULL TERRIER','Великобритания','Great Britain',76,'с');
INSERT INTO breed_breed VALUES(146,3,'ФОКСТЕРЬЕР Г-Ш','FOX TERRIER (SMOOTH)','Великобритания','Great Britain',12,'с');
INSERT INTO breed_breed VALUES(147,3,'ФОКСТЕРЬЕР Ж-Ш','FOX TERRIER (WIRE)','Великобритания','Great Britain',169,'с');
INSERT INTO breed_breed VALUES(148,3,'ЧЕШСКИЙ ТЕРЬЕР','CZECH TERRIER','Чехия','Czech republic',246,'с');
INSERT INTO breed_breed VALUES(149,3,'ЭРДЕЛЬТЕРЬЕР','AIREDALE TERRIER','Великобритания','Great Britain',7,'к');
INSERT INTO breed_breed VALUES(150,3,'ЯПОНСКИЙ ТЕРЬЕР','JAPANESE TERRIER','Япония','Japan',259,'с');
INSERT INTO breed_breed VALUES(151,4,'ТАКСА КРОЛИЧЬЯ Г-Ш','DACHSHUND KANINCHEN SMOOTH-HAIRED','Германия','Germany',148,'м');
INSERT INTO breed_breed VALUES(152,4,'ТАКСА КРОЛИЧЬЯ Д-Ш','DACHSHUND KANINCHEN LONG HAIRED','Германия','Germany',148,'м');
INSERT INTO breed_breed VALUES(153,4,'ТАКСА КРОЛИЧЬЯ Ж-Ш','DACHSHUND KANINCHEN WIRE-HAIRED','Германия','Germany',148,'м');
INSERT INTO breed_breed VALUES(154,4,'ТАКСА МИНИАТЮРНАЯ Г-Ш','DACHSHUND MINIATURE SMOOTH-HAIRED','Германия','Germany',148,'м');
INSERT INTO breed_breed VALUES(155,4,'ТАКСА МИНИАТЮРНАЯ Д-Ш','DACHSHUND MINIATURE LONG-HAIRED','Германия','Germany',148,'м');
INSERT INTO breed_breed VALUES(156,4,'ТАКСА МИНИАТЮРНАЯ Ж-Ш','DACHSHUND MINIATURE WIRE-HAIRED','Германия','Germany',148,'м');
INSERT INTO breed_breed VALUES(157,4,'ТАКСА СТАНДАРТНАЯ Г-Ш','DACHSHUND STANDARD SMOOTH-HAIRED','Германия','Germany',148,'с');
INSERT INTO breed_breed VALUES(158,4,'ТАКСА СТАНДАРТНАЯ Д-Ш','DACHSHUND STANDARD LONG-HAIRED','Германия','Germany',148,'с');
INSERT INTO breed_breed VALUES(159,4,'ТАКСА СТАНДАРТНАЯ Ж-Ш','DACHSHUND STANDARD WIRE-HAIRED','Германия','Germany',148,'с');
INSERT INTO breed_breed VALUES(160,5,'АКИТА','AKITA','Япония','Japan',255,'к');
INSERT INTO breed_breed VALUES(161,5,'АЛЯСКИНСКИЙ МАЛАМУТ','ALASKAN MALAMUTE','США','USA',243,'к');
INSERT INTO breed_breed VALUES(162,5,'АМЕРИКАНСКАЯ АКИТА','AMERICAN AKITA','США','USA',344,'к');
INSERT INTO breed_breed VALUES(163,5,'БАСЕНДЖИ','BASENJI','Великобритания','Great Britain',43,'с');
INSERT INTO breed_breed VALUES(164,5,'ВОСТОЧНОСИБИРСКАЯ ЛАЙКА','VOSTOCHNOSIBIRSKAYA LAIKA (EAST-SIBERIAN LAIKA)','Россия','Russia',305,'с');
INSERT INTO breed_breed VALUES(165,5,'ГРЕНЛАНДСКАЯ СОБАКА','GREENLAND DOG','Гренландия','Greenland',274,'к');
INSERT INTO breed_breed VALUES(166,5,'ЕВРАЗИЕР','EURASIER','Германия','Germany',291,'с');
INSERT INTO breed_breed VALUES(167,5,'ЗАПАДНОСИБИРСКАЯ ЛАЙКА','ZAPADNOSIBIRSKAYA LAIKA (WEST-SIBERIAN LAIKA)','Россия','Russia',306,'с');
INSERT INTO breed_breed VALUES(168,5,'ИСЛАНДСКАЯ ОВЧАРКА','ICELANDIC SHEEPDOG','Исландия','Iceland',289,'с');
INSERT INTO breed_breed VALUES(169,5,'ИТАЛЬЯНСКИЙ ВОЛЬПИНО','ITALIAN VOLPINO','Италия','Italy',195,'м');
INSERT INTO breed_breed VALUES(170,5,'КАИ','KAI','Италия','Italy',317,'с');
INSERT INTO breed_breed VALUES(171,5,'КАНАДСКАЯ ЭСКИМОССКАЯ СОБАКА','CANADIAN ESKIMO DOG','Канада','Canada',211,'к');
INSERT INTO breed_breed VALUES(172,5,'КАРЕЛЬСКАЯ ЛАЙКА','KARELSKAYA LAIKA (KARELIAN LAIKA)','Финляндия, Россия','Finland, Russia',0,'с');
INSERT INTO breed_breed VALUES(173,5,'КАРЕЛЬСКАЯ МЕДВЕЖЬЯ СОБАКА','KARELIAN BEAR DOG','Финляндия','Finland',48,'с');
INSERT INTO breed_breed VALUES(174,5,'КИНТАМАНИ БАЛИ ДОГ','KINTAMANI-BALI DOG','Индонезия','Indonesia',362,'с');
INSERT INTO breed_breed VALUES(175,5,'КИСЮ','KISHU','Япония','Japan',318,'с');
INSERT INTO breed_breed VALUES(176,5,'КОРЕЙСКАЯ СОБАКА ЧИНДО','KOREA JINDO DOG','Корея','Korea',334,'с');
INSERT INTO breed_breed VALUES(177,5,'КСОЛОИТЦКУИНТЛИ (миниатюрный)','XOLOITZCUINTLE (Miniature)','Мексика','Mexico',234,'м');
INSERT INTO breed_breed VALUES(178,5,'КСОЛОИТЦКУИНТЛИ (средний)','XOLOITZCUINTLE (Intermediate)','Мексика','Mexico',234,'с');
INSERT INTO breed_breed VALUES(179,5,'КСОЛОИТЦКУИНТЛИ (стандартный)','XOLOITZCUINTLE (Standard)','Мексика','Mexico',234,'к');
INSERT INTO breed_breed VALUES(180,5,'ЛАПЛАНДСКАЯ ОЛЕНЕГОННАЯ СОБАКА','LAPPONIAN HERDER','Финляндия','Finland',284,'с');
INSERT INTO breed_breed VALUES(181,5,'НЕМЕЦКИЙ ВОЛЬФШПИЦ (КЕЕСХОНД)','GERMAN WOLFSPITZ (KEESHOUND)','Германия','Germany',97,'с');
INSERT INTO breed_breed VALUES(182,5,'НЕМЕЦКИЙ ШПИЦ БОЛЬШОЙ','GERMAN SPITZ GIANT','Германия','Germany',97,'с');
INSERT INTO breed_breed VALUES(183,5,'НЕМЕЦКИЙ ШПИЦ МАЛЫЙ','GERMAN SPITZ MINIATURE','Германия','Germany',97,'м');
INSERT INTO breed_breed VALUES(184,5,'НЕМЕЦКИЙ ШПИЦ СРЕДНИЙ','GERMAN SPITZ MEDIUM','Германия','Germany',97,'м');
INSERT INTO breed_breed VALUES(185,5,'НЕМЕЦКИЙ ШПИЦ ТОЙ (ПОМЕРАНСКИЙ)','GERMAN TOY SPITZ (POMERANIAN)','Германия','Germany',97,'м');
INSERT INTO breed_breed VALUES(186,5,'НОРБОТТЕНШПИЦ','NORRBOTTENSPITZ','Германия','Germany',276,'с');
INSERT INTO breed_breed VALUES(187,5,'НОРВЕЖСКИЙ БУХУНД','NORWEGIAN BUHUND','Германия','Germany',237,'с');
INSERT INTO breed_breed VALUES(188,5,'НОРВЕЖСКИЙ ЛУНДЕХУНД','NORWEGIAN LUNDEHUND','Германия','Germany',265,'с');
INSERT INTO breed_breed VALUES(189,5,'НОРВЕЖСКИЙ ЭЛЬКХУНД СЕРЫЙ','NORWEGIAN ELKHOUND GREY','Германия','Germany',242,'с');
INSERT INTO breed_breed VALUES(190,5,'НОРВЕЖСКИЙ ЭЛЬКХУНД ЧЕРНЫЙ','NORWEGIAN ELKHOUND BLACK','Норвегия','Norway',268,'с');
INSERT INTO breed_breed VALUES(191,5,'ОЛЕНЕГОННЫЙ ШПИЦ','OLENNEGONNY SPITZ (REINDEER HERDING SPITZ)','Россия','Russia',0,'с');
INSERT INTO breed_breed VALUES(192,5,'ПЕРУАНСКАЯ ГОЛАЯ СОБАКА (большая)','PERUVIAN HAIRLESS DOG (Large)','Перу','Peru',310,'к');
INSERT INTO breed_breed VALUES(193,5,'ПЕРУАНСКАЯ ГОЛАЯ СОБАКА (малая)','PERUVIAN HAIRLESS DOG (Small)','Перу','Peru',310,'м');
INSERT INTO breed_breed VALUES(194,5,'ПЕРУАНСКАЯ ГОЛАЯ СОБАКА (средняя)','PERUVIAN HAIRLESS DOG (Medium)','Перу','Peru',310,'с');
INSERT INTO breed_breed VALUES(195,5,'ПОДЕНКО ИБИЦЕНКО','IBIZAN PODENCO','Португалия','Portugal',89,'к');
INSERT INTO breed_breed VALUES(196,5,'ПОДЕНКО КАНАРИО','CANARIAN WARREN HOUND','Испания','Spain',329,'к');
INSERT INTO breed_breed VALUES(197,5,'ПОРТУГАЛЬСКИЙ ПОДЕНГУ (большой)','PORTUGUESE PODENGO (large)','Португалия','Portugal',94,'к');
INSERT INTO breed_breed VALUES(198,5,'ПОРТУГАЛЬСКИЙ ПОДЕНГУ (малый)','PORTUGUESE PODENGO (small)','Португалия','Portugal',94,'м');
INSERT INTO breed_breed VALUES(199,5,'ПОРТУГАЛЬСКИЙ ПОДЕНГУ (средний)','PORTUGUESE PODENGO (medium)','Португалия','Portugal',94,'с');
INSERT INTO breed_breed VALUES(200,5,'РУССКО-ЕВРОПЕЙСКАЯ ЛАЙКА','RUSSKO-EVROPEISKAYA LAIKA (RUSSIAN-EUROPEAN LAIKA)','Россия','Russia',304,'с');
INSERT INTO breed_breed VALUES(201,5,'САМОЕД','SAMOYED','Россия','Russia',212,'с');
INSERT INTO breed_breed VALUES(202,5,'СИБА','SHIBA','Япония','Japan',257,'с');
INSERT INTO breed_breed VALUES(203,5,'СИБИРСКИЙ ХАСКИ','SIBERIAN HUSKY','США','USA',270,'с');
INSERT INTO breed_breed VALUES(204,5,'СИКОКУ','SHIKOKU','Япония','Japan',319,'с');
INSERT INTO breed_breed VALUES(205,5,'ТАЙВАНЬСКАЯ СОБАКА','TAIWAN DOG','Тайвань','Taiwan',348,'с');
INSERT INTO breed_breed VALUES(206,5,'ТАЙСКИЙ БАНГКЕУ ДОГ','THAI BANGKAEW DOG','Таиланд','Thailand',358,'с');
INSERT INTO breed_breed VALUES(207,5,'ТАЙСКИЙ РИДЖБЕК','THAI RIDGEBACK DOG','Таиланд','Thailand',338,'с');
INSERT INTO breed_breed VALUES(208,5,'ФАРАОНОВА СОБАКА','PHARAOH HOUND','Мальта','Malta',248,'с');
INSERT INTO breed_breed VALUES(209,5,'ФИНСКИЙ ЛАПХУНД','FINNISH LAPPONIAN DOG','Финляндия','Finland',189,'с');
INSERT INTO breed_breed VALUES(210,5,'ФИНСКИЙ ШПИЦ','FINNISH SPITZ','Финляндия','Finland',49,'с');
INSERT INTO breed_breed VALUES(211,5,'ХАНААНСКАЯ СОБАКА','CANAAN DOG','Израиль','Israel',273,'с');
INSERT INTO breed_breed VALUES(212,5,'ХОККАЙДО','HOKKAIDO','Япония','Japan',261,'с');
INSERT INTO breed_breed VALUES(213,5,'ЧАУ ЧАУ','CHOW CHOW','Китай','China',205,'с');
INSERT INTO breed_breed VALUES(214,5,'ЧИРНЕКО ДЕЛЬ’ЭТНА','CIRNECO DELL’ETNA','Италия','Italy',199,'с');
INSERT INTO breed_breed VALUES(215,5,'ЧУКОТСКАЯ ЕЗДОВАЯ ЛАЙКА','CHUKOTSKAYA EZDOVAYA LAIKA (CHUKOTKA SLEDGE DOG)','Россия','Russia',0,'с');
INSERT INTO breed_breed VALUES(216,5,'ШВЕДСКИЙ БЕЛЫЙ ЭЛЬКХУНД','SWEDISH WHITE ELKHUND','Швеция','Sweden',0,'с');
INSERT INTO breed_breed VALUES(217,5,'ШВЕДСКИЙ ВАЛЬХУНД','SWEDISH VALLHUND','Швеция','Sweden',14,'с');
INSERT INTO breed_breed VALUES(218,5,'ШВЕДСКИЙ ЛАППХУНД','SWEDISH LAPPHUND','Швеция','Sweden',135,'с');
INSERT INTO breed_breed VALUES(219,5,'ЯКУТСКАЯ ЛАЙКА','YAKUTSKAYA LAIKA (YAKUTIAN LAIKA)','Россия','Russia',365,'с');
INSERT INTO breed_breed VALUES(220,5,'ЯМТХУНД','JAMTHUND','Швеция','Sweden',42,'с');
INSERT INTO breed_breed VALUES(221,5,'ЯПОНСКИЙ ШПИЦ','JAPANESE SPITZ','Япония','Japan',262,'с');
INSERT INTO breed_breed VALUES(222,6,'АВСТРИЙСКАЯ ЧЕРНО-ПОДПАЛАЯ ГОНЧАЯ','AUSTRIAN BLACK AND TAN HOUND','Австрия','Austria',63,'с');
INSERT INTO breed_breed VALUES(223,6,'АЛЬПИЙСКИЙ ТАКСООБРАЗНЫЙ БРАКК','ALPINE DACHSBRACKE','Австрия','Austria',254,'с');
INSERT INTO breed_breed VALUES(224,6,'АМЕРИКАНСКИЙ ФОКСХАУНД','AMERICAN FOXHOUND','США','USA',303,'к');
INSERT INTO breed_breed VALUES(225,6,'АНГЛИЙСКИЙ ФОКСХАУНД','ENGLISH FOXHOUND','Великобритания','Great Britain',159,'к');
INSERT INTO breed_breed VALUES(226,6,'АНГЛО-ФРАНЦУЗСКАЯ МАЛАЯ ГОНЧАЯ','MEDIUM-SIZED ANGLO-FRENCH HOUND','Франция','France',325,'с');
INSERT INTO breed_breed VALUES(227,6,'АРТЕЗИАНО-НОРМАНДСКИЙ БАССЕТ','NORMAND ARTESIEN BASSET','Франция','France',34,'с');
INSERT INTO breed_breed VALUES(228,6,'АРЬЕЖСКАЯ ГОНЧАЯ','ARIEGE HOUND','Франция','France',20,'с');
INSERT INTO breed_breed VALUES(229,6,'БАВАРСКАЯ ГОРНАЯ ГОНЧАЯ','BAVARIAN MOUNTAIN SCENT HOUND','Германия','Germany',217,'с');
INSERT INTO breed_breed VALUES(230,6,'БАССЕТ ХАУНД','BASSET HOUND','Великобритания','Great Britain',163,'с');
INSERT INTO breed_breed VALUES(231,6,'БИГЛЬ','BEAGLE','Великобритания','Great Britain',161,'с');
INSERT INTO breed_breed VALUES(232,6,'БИГЛЬ ХАРЬЕР','BEAGLE HARRIER','Франция','France',290,'с');
INSERT INTO breed_breed VALUES(233,6,'БИЛЛИ','BILLY','Франция','France',25,'с');
INSERT INTO breed_breed VALUES(234,6,'БЛАДХАУНД','BLOODHOUND','Бельгия','Belgium',84,'к');
INSERT INTO breed_breed VALUES(235,6,'БОЛЬШАЯ АНГЛО-ФРАНЦУЗСКАЯ БЕЛО-ОРАНЖЕВАЯ ГОНЧАЯ','GREAT ANGLO-FRENCH WHITE AND ORANGE HOUND','Франция','France',324,'к');
INSERT INTO breed_breed VALUES(236,6,'БОЛЬШАЯ АНГЛО-ФРАНЦУЗСКАЯ БЕЛО-ЧЕРНАЯ ГОНЧАЯ','GREAT ANGLO-FRENCH WHITE AND BLACK HOUND','Франция','France',323,'к');
INSERT INTO breed_breed VALUES(237,6,'БОЛЬШАЯ АНГЛО-ФРАНЦУЗСКАЯ ТРЕХЦВЕТНАЯ ГОНЧАЯ','GREAT ANGLO-FRENCH TRICOLOUR HOUND','Франция','France',322,'к');
INSERT INTO breed_breed VALUES(238,6,'БОЛЬШАЯ ГОЛУБАЯ ГАСКОНСКАЯ ГОНЧАЯ','GREAT GASCONY BLUE','Франция','France',22,'к');
INSERT INTO breed_breed VALUES(239,6,'БОЛЬШОЙ ВАНДЕЙСКИЙ БАССЕТ ГРИФФОН','GRAND BASSET GRIFFON VENDEEN','Франция','France',33,'с');
INSERT INTO breed_breed VALUES(240,6,'БОЛЬШОЙ ВАНДЕЙСКИЙ ГРИФФОН','GRAND GRIFFON VENDÉEN','Франция','France',282,'к');
INSERT INTO breed_breed VALUES(241,6,'БОСНИЙСКАЯ ГРУБОШЕРСТНАЯ ГОНЧАЯ (БАРАК)','BOSNIAN BROKEN-HAIRED HOUND-CALLED BARAK','Босния','Bosnia',155,'с');
INSERT INTO breed_breed VALUES(242,6,'БРЕТОНСКИЙ РЫЖИЙ БАССЕТ','BASSET FAUVE DE BRETAGNE','Франция','France',36,'с');
INSERT INTO breed_breed VALUES(243,6,'БРЕТОНСКИЙ РЫЖИЙ ГРИФФОН','GRIFFON FAUVE DE BRETAGNE','Франция','France',66,'с');
INSERT INTO breed_breed VALUES(244,6,'ВАНДЕЙСКИЙ ГРИФФОН БРИКЕ','BRIQUET GRIFFON VENDÉEN ','Франция','France',19,'с');
INSERT INTO breed_breed VALUES(245,6,'ВЕНГЕРСКАЯ ТРАНСИЛЬВАНСКАЯ ГОНЧАЯ','HUNGARIAN HOUND – TRANSYLVANIAN SCENT HOUND','Венгрия','Hungary',241,'с');
INSERT INTO breed_breed VALUES(246,6,'ВЕСТФАЛЬСКИЙ ТАКСООБРАЗНЫЙ БРАК','WESTPHALIAN DACHSBRACKE','Германия','Germany',100,'с');
INSERT INTO breed_breed VALUES(247,6,'ГАННОВЕРСКАЯ ГОНЧАЯ','HANNOVERSCHER SCHWEISSHUND','Германия','Germany',213,'с');
INSERT INTO breed_breed VALUES(248,6,'ГАСКОНСКО-СЕНТОНЖСКАЯ ГОНЧАЯ','GASCON SAINTONGEOIS','Франция','France',21,'с');
INSERT INTO breed_breed VALUES(249,6,'ГОЛУБОЙ ГАСКОНСКИЙ БАССЕТ','BLUE GASCONY BASSET','Франция','France',35,'с');
INSERT INTO breed_breed VALUES(250,6,'ГОЛУБОЙ ГАСКОНСКИЙ ГРИФФОН','BLUE GASCONY GRIFFON','Франция','France',32,'с');
INSERT INTO breed_breed VALUES(251,6,'ГОНЧАЯ ГАМИЛЬТОНА','HAMILTONSTOVARE','Швеция','Sweden',132,'с');
INSERT INTO breed_breed VALUES(252,6,'ГОНЧАЯ Д’АРТУА','ARTOIS HOUND','Франция','France',28,'с');
INSERT INTO breed_breed VALUES(253,6,'ГОНЧАЯ ШИЛЛЕРА','SCHILLERSTOVARE','Швеция','Sweden',131,'с');
INSERT INTO breed_breed VALUES(254,6,'ГРЕЧЕСКАЯ ГОНЧАЯ','HELLENIC HOUND','Греция','Greece',214,'с');
INSERT INTO breed_breed VALUES(255,6,'ДАЛМАТИН','DALMATIAN','Хорватия','Croatia',153,'с');
INSERT INTO breed_breed VALUES(256,6,'ДРЕВЕР','DREVER','Швеция','Sweden',130,'с');
INSERT INTO breed_breed VALUES(257,6,'ИСПАНСКАЯ ГОНЧАЯ','SPANISH HOUND','Испания','Spain',204,'с');
INSERT INTO breed_breed VALUES(258,6,'ИСТРИЙСКАЯ Ж-Ш ГОНЧАЯ','ISTRIAN WIRE-HAIRED HOUND','Словения','Slovenia',152,'с');
INSERT INTO breed_breed VALUES(259,6,'ИСТРИЙСКАЯ К-Ш ГОНЧАЯ','ISTRIAN SHORT-HAIRED HOUND','Словения','Slovenia',151,'с');
INSERT INTO breed_breed VALUES(260,6,'ИТАЛЬЯНСКАЯ Ж-Ш ГОНЧАЯ','ITALIAN ROUGH-HAIRED HOUND','Италия','Italy',198,'с');
INSERT INTO breed_breed VALUES(261,6,'ИТАЛЬЯНСКАЯ К-Ш ГОНЧАЯ','ITALIAN SHORT-HAIRED HOUND','Италия','Italy',337,'с');
INSERT INTO breed_breed VALUES(262,6,'ЛИТОВСКАЯ ГОНЧАЯ','LITHUANIAN HOUND','Литва','Lithuania ',0,'с');
INSERT INTO breed_breed VALUES(263,6,'МАЛАЯ ГОЛУБАЯ ГАСКОНСКАЯ ГОНЧАЯ','SMALL BLUE GASCONY','Франция','France',31,'с');
INSERT INTO breed_breed VALUES(264,6,'МАЛЫЙ ВАНДЕЙСКИЙ БАССЕТ ГРИФФОН','PETIT BASSET GRIFFON VENDÉEN','Франция','France',67,'с');
INSERT INTO breed_breed VALUES(265,6,'МАРЕММСКАЯ ГОНЧАЯ','SEGUGIO MAREMMANO','Италия','Italy',361,'с');
INSERT INTO breed_breed VALUES(266,6,'НЕМЕЦКАЯ ГОНЧАЯ','GERMAN HOUND','Германия','Germany',299,'с');
INSERT INTO breed_breed VALUES(267,6,'НИВЕРНЕЗСКИЙ ГРИФФОН','GRIFFON NIVERNAIS','Франция','France',17,'с');
INSERT INTO breed_breed VALUES(268,6,'НОРВЕЖСКАЯ ГОНЧАЯ ДУНКЕР','NORWEGIAN HOUND (DUNKER)','Норвегия','Norway',203,'с');
INSERT INTO breed_breed VALUES(269,6,'ОТТЕРХАУНД','OTTERHOUND','Великобритания','Great Britain',294,'с');
INSERT INTO breed_breed VALUES(270,6,'ПОЛЬСКАЯ ГОНЧАЯ','POLISH HOUND','Польша','Poland',52,'с');
INSERT INTO breed_breed VALUES(271,6,'ПОЛЬСКАЯ ОХОТНИЧЬЯ СОБАКА','POLISH HUNTING DOG','Польша','Poland',354,'с');
INSERT INTO breed_breed VALUES(272,6,'ПОРСЕЛЕН','PORCELAINE','Франция','France',30,'с');
INSERT INTO breed_breed VALUES(273,6,'ПОСАВСКАЯ ГОНЧАЯ','POSAVATZ HOUND','Хорватия','Croatia',154,'с');
INSERT INTO breed_breed VALUES(274,6,'ПУАТЕВЕН','POITEVIN','Франция','France',24,'с');
INSERT INTO breed_breed VALUES(275,6,'РОДЕЗИЙСКИЙ РИДЖБЕК','RHODESIAN RIDGEBACK','ЮАР','RSA',146,'к');
INSERT INTO breed_breed VALUES(276,6,'РУССКАЯ ГОНЧАЯ','RUSSKAYA GONCHAYA (RUSSIAN HOUND)','Россия','Russia',0,'к');
INSERT INTO breed_breed VALUES(277,6,'РУССКАЯ ПЕГАЯ ГОНЧАЯ','RUSSKAYA PEGAYA GONCHAYA (RUSSIAN PIED HOUND)','Россия','Russia',0,'к');
INSERT INTO breed_breed VALUES(278,6,'СЕРБСКАЯ ГОНЧАЯ','SERBIAN HOUND','Сербия','Serbia',150,'с');
INSERT INTO breed_breed VALUES(279,6,'СЕРБСКАЯ ТРЕХЦВЕТНАЯ ГОНЧАЯ','SERBIAN TRICOLOUR HOUND','Сербия','Serbia',229,'с');
INSERT INTO breed_breed VALUES(280,6,'СЛОВАЦКАЯ ГОНЧАЯ','SLOVAKIAN HOUND','Словакия','Slovakia',244,'с');
INSERT INTO breed_breed VALUES(281,6,'СМОЛАНДСКАЯ ГОНЧАЯ','SMALANDSSTOVARE','Швеция','Sweden',129,'с');
INSERT INTO breed_breed VALUES(282,6,'ТИРОЛЬСКАЯ ГОНЧАЯ','TYROLEAN HOUND','Австрия','Austria',68,'с');
INSERT INTO breed_breed VALUES(283,6,'ФИНСКАЯ ГОНЧАЯ','FINNISH HOUND','Финляндия','Finland',51,'с');
INSERT INTO breed_breed VALUES(284,6,'ФРАНЦУЗСКАЯ БЕЛО-ОРАНЖЕВАЯ ГОНЧАЯ','FRENCH WHITE AND ORANGE HOUND','Франция','France',316,'с');
INSERT INTO breed_breed VALUES(285,6,'ФРАНЦУЗСКАЯ БЕЛО-ЧЕРНАЯ ГОНЧАЯ','FRENCH WHITE AND BLACK HOUND','Франция','France',220,'с');
INSERT INTO breed_breed VALUES(286,6,'ФРАНЦУЗСКАЯ ТРЕХЦВЕТНАЯ ГОНЧАЯ','FRENCH TRICOLOUR HOUND','Франция','France',219,'с');
INSERT INTO breed_breed VALUES(287,6,'ХАЛЬДЕНСКАЯ ГОНЧАЯ','HALDEN HOUND','Норвегия','Norway',267,'с');
INSERT INTO breed_breed VALUES(288,6,'ХАРЬЕР','HARRIER','Великобритания','Great Britain',295,'с');
INSERT INTO breed_breed VALUES(289,6,'ХИГЕНСКАЯ ГОЧАЯ','HYGEN HOUND','Норвегия','Norway',266,'с');
INSERT INTO breed_breed VALUES(290,6,'ЧЕРНОГОРСКАЯ ГОРНАЯ ГОНЧАЯ','MONTENEGRIN MOUNTAIN HOUND','Черногория','Montenegro',279,'с');
INSERT INTO breed_breed VALUES(291,6,'ЧЕРНО-ПОДПАЛЫЙ КУНХАУНД','BLACK AND TAN COONHOUND','США','USA',300,'с');
INSERT INTO breed_breed VALUES(292,6,'ШВЕЙЦАРСКАЯ ГОНЧАЯ','SWISS HOUND','Швейцария','Switzerland',59,'с');
INSERT INTO breed_breed VALUES(293,6,'ШВЕЙЦАРСКАЯ КОРОТКОНОГАЯ ГОНЧАЯ','SWISS SHORT-LEGGED HOUND','Швейцария','Switzerland',60,'с');
INSERT INTO breed_breed VALUES(294,6,'ШТИРИЙСКИЙ ЖЕСТКОШЕРСТНЫЙ БРАКК','COARSE-HAIRED STYRIAN HOUND','Австрия','Austria',62,'с');
INSERT INTO breed_breed VALUES(295,6,'ЭСТОНСКАЯ ГОНЧАЯ','ESTONIAN HOUND','Эстония','Estonia',366,'с');
INSERT INTO breed_breed VALUES(296,7,'АНГЛИЙСКИЙ ПОЙНТЕР','ENGLISH POINTER','Великобритания','Great Britain',1,'к');
INSERT INTO breed_breed VALUES(297,7,'АНГЛИЙСКИЙ СЕТТЕР','ENGLISH SETTER','Великобритания','Great Britain',2,'к');
INSERT INTO breed_breed VALUES(298,7,'АРЬЕЖСКАЯ ЛЕГАВАЯ','ARIEGE POINTING DOG','Франция','France',177,'с');
INSERT INTO breed_breed VALUES(299,7,'БОГЕМСКИЙ ЖЕСТКОШЕРСТНЫЙ ЛЕГАВЫЙ ГРИФФОН','BOHEMIAN WIRE-HAIRED POINTING GRIFFON','Чехия','Czech republic',245,'к');
INSERT INTO breed_breed VALUES(300,7,'БОЛЬШОЙ МЮНСТЕРЛЕНДЕР','LARGE MUNSTERLANDER','Германия','Germany',118,'к');
INSERT INTO breed_breed VALUES(301,7,'БРЕТОНСКИЙ ЭПАНЬОЛЬ','BRITTANY SPANIEL','Франция','France',95,'с');
INSERT INTO breed_breed VALUES(302,7,'БУРБОНСКАЯ ЛЕГАВАЯ','BOURBONNAIS POINTING DOG','Франция','France',179,'с');
INSERT INTO breed_breed VALUES(303,7,'БУРГОССКАЯ ЛЕГАВАЯ','BURGOS POINTING DOG','Испания','Spain',90,'с');
INSERT INTO breed_breed VALUES(304,7,'ВЕЙМАРАНЕР Д-Ш','WEIMARANER LONG-HARIED','Германия','Germany',99,'к');
INSERT INTO breed_breed VALUES(305,7,'ВЕЙМАРАНЕР К-Ш','WEIMARANER SHORT-HAIRED','Германия','Germany',99,'к');
INSERT INTO breed_breed VALUES(306,7,'ВЕНГЕРСКАЯ ВЫЖЛА Ж-Ш','HUNGARIAN WIRE-HAIRED POINTER (VIZSLA)','Венгрия','Hungary',239,'с');
INSERT INTO breed_breed VALUES(307,7,'ВЕНГЕРСКАЯ ВЫЖЛА К-Ш','HUNGARIAN SHORT-HAIRED POINTER (VIZSLA)','Венгрия','Hungary',57,'с');
INSERT INTO breed_breed VALUES(308,7,'ГОЛУБОЙ ПИКАРДИЙСКИЙ СПАНИЕЛЬ','BLUE PICARDY SPANIEL','Франция','France',106,'с');
INSERT INTO breed_breed VALUES(309,7,'ГРИФФОН КОРТАЛЬСА','WIRE-HAIRED POINTING GRIFFON KORTHALS','Франция','France',107,'к');
INSERT INTO breed_breed VALUES(310,7,'ДРЕНТСКАЯ КУРОПАТОЧНАЯ СОБАКА','DRENTSCHE PARTRIDGE DOG','Нидерланды','Netherlands',224,'с');
INSERT INTO breed_breed VALUES(311,7,'ИРЛАНДСКИЙ КРАСНО-БЕЛЫЙ СЕТТЕР','IRISH RED AND WHITE SETTER','Ирландия','Ireland',330,'к');
INSERT INTO breed_breed VALUES(312,7,'ИРЛАНДСКИЙ КРАСНЫЙ СЕТТЕР','IRISH RED SETTER','Ирландия','Ireland',120,'к');
INSERT INTO breed_breed VALUES(313,7,'ИТАЛЬЯНСКИЙ БРАКК','ITALIAN POINTING DOG','Италия','Italy',202,'к');
INSERT INTO breed_breed VALUES(314,7,'ИТАЛЬЯНСКИЙ СПИНОНЕ','ITALIAN SPINONE','Италия','Italy',165,'к');
INSERT INTO breed_breed VALUES(315,7,'МАЛЫЙ МЮНСТЕРЛЕНДЕР','KLEINER MUNSTERLANDER','Германия','Germany',102,'с');
INSERT INTO breed_breed VALUES(316,7,'НЕМЕЦКАЯ Д-Ш ЛЕГАВАЯ (ЛАНГХААР)','GERMAN LANGHAAR','Германия','Germany',117,'к');
INSERT INTO breed_breed VALUES(317,7,'НЕМЕЦКАЯ Ж-Ш ЛЕГАВАЯ (ДРАТХААР)','GERMAN WIRE-HAIRED POINTING DOG (DEUTSCH DRATHAAR)','Германия','Germany',98,'к');
INSERT INTO breed_breed VALUES(318,7,'НЕМЕЦКАЯ К-Ш ЛЕГАВАЯ (КУРЦХААР)','GERMAN SHORT-HAIRED POINTING DOG (DEUTSCH KURZHAAR)','Германия','Germany',119,'к');
INSERT INTO breed_breed VALUES(319,7,'НЕМЕЦКИЙ ШТИХЕЛЬХААР','DEUTSCH STICHELHAAR','Германия','Germany',232,'к');
INSERT INTO breed_breed VALUES(320,7,'ОВЕРНСКИЙ ПОЙНТЕР','AUVERGNE POINTER','Франция','France',180,'с');
INSERT INTO breed_breed VALUES(321,7,'ПИКАРДИЙСКИЙ СПАНИЕЛЬ','PICARDY SPANIEL','Франция','France',108,'с');
INSERT INTO breed_breed VALUES(322,7,'ПОНТ-ОДЕМЕРСКИЙ СПАНИЕЛЬ','PONT-AUDEMER SPANIEL','Франция','France',114,'с');
INSERT INTO breed_breed VALUES(323,7,'ПОРТУГАЛЬСКАЯ ЛЕГАВАЯ','PORTUGUESE POINTING DOG','Португалия','Portugal',187,'с');
INSERT INTO breed_breed VALUES(324,7,'ПУДЕЛЬПОЙНТЕР','PUDELPOINTER','Германия','Germany',216,'к');
INSERT INTO breed_breed VALUES(325,7,'СЕН-ЖЕРМЕНСКИЙ ПОЙНТЕР','SAINT GERMAIN POINTER','Франция','France',115,'к');
INSERT INTO breed_breed VALUES(326,7,'СЕТТЕР ГОРДОН','GORDON SETTER','Великобритания','Great Britain',6,'к');
INSERT INTO breed_breed VALUES(327,7,'СЛОВАЦКАЯ ГРУБОШЕРСТНАЯ ЛЕГАВАЯ','WIREHAIRED SLOVAKIAN POINTER','Словакия','Slovakia',320,'к');
INSERT INTO breed_breed VALUES(328,7,'СТАБИХУН','STABIJHOUN','Нидерланды','Netherlands',222,'с');
INSERT INTO breed_breed VALUES(329,7,'СТАРОДАТСКАЯ ЛЕГАВАЯ','OLD DANISH POINTING DOG','Дания','Denmark',281,'с');
INSERT INTO breed_breed VALUES(330,7,'ФРАНЦУЗСКАЯ ЛЕГАВАЯ ГАСКОНСКОГО ТИПА','FRENCH POINTING DOG – GASCOGNE TYPE','Франция','France',133,'к');
INSERT INTO breed_breed VALUES(331,7,'ФРАНЦУЗСКАЯ ЛЕГАВАЯ ПИРИНЕЙСКОГО ТИПА','FRENCH POINTING DOG PYRENEAN TYPE','Франция','France',134,'с');
INSERT INTO breed_breed VALUES(332,7,'ФРАНЦУЗСКИЙ СПАНИЕЛЬ','FRENCH SPANIEL','Франция','France',175,'с');
INSERT INTO breed_breed VALUES(333,8,'АМЕРИКАНСКИЙ ВОДЯНОЙ СПАНИЕЛЬ','AMERICAN WATER SPANIEL','США','USA',301,'с');
INSERT INTO breed_breed VALUES(334,8,'АМЕРИКАНСКИЙ КОКЕР СПАНИЕЛЬ','AMERICAN COCKER SPANIEL','США','USA',167,'с');
INSERT INTO breed_breed VALUES(335,8,'АНГЛИЙСКИЙ КОКЕР СПАНИЕЛЬ','ENGLISH COCKER SPANIEL','Великобритания','Great Britain',5,'с');
INSERT INTO breed_breed VALUES(336,8,'АНГЛИЙСКИЙ СПРИНГЕР СПАНИЕЛЬ','ENGLISH SPRINGER SPANIEL','Великобритания','Great Britain',125,'с');
INSERT INTO breed_breed VALUES(337,8,'ВЕЛЬШ СПРИНГЕР СПАНИЕЛЬ','WELSH SPRINGER SPANIEL','Великобритания','Great Britain',126,'с');
INSERT INTO breed_breed VALUES(338,8,'ЗОЛОТИСТЫЙ РЕТРИВЕР','GOLDEN RETRIEVER','Великобритания','Great Britain',111,'к');
INSERT INTO breed_breed VALUES(339,8,'ИРЛАНДСКИЙ ВОДЯНОЙ СПАНИЕЛЬ','IRISH WATER SPANIEL','Ирландия','Ireland',124,'к');
INSERT INTO breed_breed VALUES(340,8,'ИСПАНСКАЯ ВОДЯНАЯ СОБАКА','SPANISH WATER DOG','Испания','Spain',336,'с');
INSERT INTO breed_breed VALUES(341,8,'КЛАМБЕР СПАНИЕЛЬ','CLUMBER SPANIEL','Великобритания','Great Britain',109,'с');
INSERT INTO breed_breed VALUES(342,8,'КОКЕРХОНДЕ','NEDERLANDSE KOOIKERHONDJE','Нидерланды','Netherlands',314,'с');
INSERT INTO breed_breed VALUES(343,8,'КУРЧАВОШЕРСТНЫЙ РЕТРИВЕР','CURLY COATED RETRIEVER','Великобритания','Great Britain',110,'к');
INSERT INTO breed_breed VALUES(344,8,'ЛАБРАДОР РЕТРИВЕР','LABRADOR RETRIEVER','Великобритания','Great Britain',122,'к');
INSERT INTO breed_breed VALUES(345,8,'ЛАГОТTО РОМАНЬОЛО','ROMAGNA WATER DOG (LAGOTTO ROMAGNOLO)','Италия','Italy',298,'с');
INSERT INTO breed_breed VALUES(346,8,'НЕМЕЦКИЙ СПАНИЕЛЬ','GERMAN SPANIEL','Германия','Germany',104,'с');
INSERT INTO breed_breed VALUES(347,8,'НОВОШОТЛАНДСКИЙ РЕТРИВЕР','NOVA SCOTIA DUCK TOLLING RETRIEVER','Канада','Canada',312,'с');
INSERT INTO breed_breed VALUES(348,8,'ПОРТУГАЛЬСКАЯ ВОДЯНАЯ СОБАКА','PORTUGUESE WATER DOG','Португалия','Portugal',37,'с');
INSERT INTO breed_breed VALUES(349,8,'ПРЯМОШЕРСТНЫЙ РЕТРИВЕР','FLAT COATED RETRIEVER','Великобритания','Great Britain',121,'к');
INSERT INTO breed_breed VALUES(350,8,'РУССКИЙ ОХОТНИЧИЙ СПАНИЕЛЬ','RUSSKIY OHOTNICHIY SPANIEL (RUSSIAN HUNTING SPANIEL)','Россия','Russia',0,'с');
INSERT INTO breed_breed VALUES(351,8,'СУССЕКС СПАНИЕЛЬ','SUSSEX SPANIEL','Великобритания','Great Britain',127,'с');
INSERT INTO breed_breed VALUES(352,8,'ФИЛД СПАНИЕЛЬ','FIELD SPANIEL','Великобритания','Great Britain',123,'с');
INSERT INTO breed_breed VALUES(353,8,'ФРАНЦУЗСКАЯ ВОДЯНАЯ СОБАКА (БАРБЕ)','FRENCH WATER DOG (BARBET)','Франция','France',105,'с');
INSERT INTO breed_breed VALUES(354,8,'ФРИЗСКАЯ ВОДЯНАЯ СОБАКА','FRISIAN WATER DOG','Нидерланды','Netherlands',221,'с');
INSERT INTO breed_breed VALUES(355,8,'ЧЕСАПИК БЕЙ РЕТРИВЕР','CHESAPEAKE BAY RETRIEVER','США','USA',263,'с');
INSERT INTO breed_breed VALUES(356,9,'БЕЛЬГИЙСКИЙ ГРИФФОН','GRIFFON BELGE','Бельгия','Belgium',81,'м');
INSERT INTO breed_breed VALUES(357,9,'БИВЕР ТЕРЬЕР','BIEWER TERRIER','Германия','Germany',0,'м');
INSERT INTO breed_breed VALUES(358,9,'БИШОН ФРИЗЕ','BICHON FRISE','Бельгия','Belgium',215,'м');
INSERT INTO breed_breed VALUES(359,9,'БОЛОНЬЕЗЕ','BOLOGNESE','Италия','Italy',196,'м');
INSERT INTO breed_breed VALUES(360,9,'БОСТОН ТЕРЬЕР','BOSTON TERRIER','США','USA',140,'м');
INSERT INTO breed_breed VALUES(361,9,'БРЮССЕЛЬСКИЙ ГРИФФОН','GRIFFON BRUXELLOIS','Бельгия','Belgium',80,'м');
INSERT INTO breed_breed VALUES(362,9,'КАВАЛЕР КИНГ ЧАРЛЬЗ СПАНИЕЛЬ','CAVALIER KING CHARLES SPANIEL','Великобритания','Great Britain',136,'м');
INSERT INTO breed_breed VALUES(363,9,'КИНГ ЧАРЛЬЗ СПАНИЕЛЬ','KING CHARLES SPANIEL','Великобритания','Great Britain',128,'м');
INSERT INTO breed_breed VALUES(364,9,'КИТАЙСКАЯ ХОХЛАТАЯ СОБАКА','CHINESE CRESTED DOG HAIRLESS','Китай','China',288,'м');
INSERT INTO breed_breed VALUES(365,9,'КИТАЙСКАЯ ХОХЛАТАЯ СОБАКА ПУХ.','CHINESE CRESTED DOG POWDER PUFF','Китай','China',288,'м');
INSERT INTO breed_breed VALUES(366,9,'КОНТИНЕНТАЛЬНЫЙ ТОЙ СПАНИЕЛЬ ПАПИЙОН','CONTINENTAL TOY SPANIEL PAPILLON','Бельгия','Belgium',77,'м');
INSERT INTO breed_breed VALUES(367,9,'КОНТИНЕНТАЛЬНЫЙ ТОЙ СПАНИЕЛЬ ФАЛЕН','CONTINENTAL TOY SPANIEL PHALENE','Бельгия','Belgium',77,'м');
INSERT INTO breed_breed VALUES(368,9,'КОТОН ДЕ ТУЛЕАР','COTON DE TULEAR','Мадагаскар','Madagascar',283,'м');
INSERT INTO breed_breed VALUES(369,9,'КРОМФОРЛЕНДЕР','KROMFOHRLANDER','Германия','Germany',192,'с');
INSERT INTO breed_breed VALUES(370,9,'ЛХАССКИЙ АПСО','LHASA APSO','Тибет','Tibet',227,'м');
INSERT INTO breed_breed VALUES(371,9,'МАЛАЯ ЛЬВИНАЯ СОБАКА','LITTLE LION DOG','Франция','France',233,'м');
INSERT INTO breed_breed VALUES(372,9,'МАЛЬТЕЗЕ','MALTESE','Италия','Italy',65,'м');
INSERT INTO breed_breed VALUES(373,9,'МОПС','PUG','Великобритания','Great Britain',253,'м');
INSERT INTO breed_breed VALUES(374,9,'ПЕКИНЕС','PEKINGESE','Китай','China',207,'м');
INSERT INTO breed_breed VALUES(375,9,'ПРАЖСКИЙ КРЫСАРИК','PRAGUE RATTER','Чехия','Czech republic',363,'м');
INSERT INTO breed_breed VALUES(376,9,'ПТИ БРАБАНСОН','PETIT BRABANÇON','Бельгия','Belgium',82,'м');
INSERT INTO breed_breed VALUES(377,9,'ПУДЕЛЬ МИНИАТЮРНЫЙ','POODLE MINIATURE','Франция','France',172,'м');
INSERT INTO breed_breed VALUES(378,9,'ПУДЕЛЬ СРЕДНИЙ','POODLE MEDIUM','Франция','France',172,'с');
INSERT INTO breed_breed VALUES(379,9,'ПУДЕЛЬ СТАНДАРТНЫЙ','POODLE STANDARD','Франция','France',172,'с');
INSERT INTO breed_breed VALUES(380,9,'ПУДЕЛЬ ТОЙ','POODLE TOY','Франция','France',172,'м');
INSERT INTO breed_breed VALUES(381,9,'РУССКАЯ САЛОННАЯ СОБАКА','RUSSKAYA SALONNAYA SOBAKA (RUSSIAN SALON DOG)','Россия','Russia',0,'м');
INSERT INTO breed_breed VALUES(382,9,'РУССКАЯ ЦВЕТНАЯ БОЛОНКА','RUSSKAYA TSVETNAYA BOLONKA (RUSSIAN COLOURED BICHON)','Россия','Russia',0,'м');
INSERT INTO breed_breed VALUES(383,9,'РУССКИЙ ТОЙ Г-Ш','RUSSKIY TOY (RUSSIAN TOY) SMOOTH-HAIRED','Россия','Russia',352,'м');
INSERT INTO breed_breed VALUES(384,9,'РУССКИЙ ТОЙ Д-Ш','RUSSKIY TOY (RUSSIAN TOY) LONG-HAIRED','Россия','Russia',352,'м');
INSERT INTO breed_breed VALUES(385,9,'ТИБЕТСКИЙ СПАНИЕЛЬ','TIBETAN SPANIEL','Тибет','Tibet',231,'м');
INSERT INTO breed_breed VALUES(386,9,'ТИБЕТСКИЙ ТЕРЬЕР','TIBETAN TERRIER','Тибет','Tibet',209,'с');
INSERT INTO breed_breed VALUES(387,9,'ТОЙ ФОКСТЕРЬЕР','TOY FOX TERRIER','США','USA',0,'м');
INSERT INTO breed_breed VALUES(388,9,'ФРАНЦУЗСКИЙ БУЛЬДОГ','FRENCH BULLDOG','Франция','France',101,'с');
INSERT INTO breed_breed VALUES(389,9,'ХАВАНЕЗ','HAVANESE','Куба','Cuba',250,'м');
INSERT INTO breed_breed VALUES(390,9,'ЧИХУАХУА Д-Ш','CHIHUAHUA LONG-HAIRED','Мексика','Mexico',218,'м');
INSERT INTO breed_breed VALUES(391,9,'ЧИХУАХУА К-Ш','CHIHUAHUA SMOOTH-HAIRED','Мексика','Mexico',218,'м');
INSERT INTO breed_breed VALUES(392,9,'ШИ ТЦУ','SHIH TZU','Тибет','Tibet',208,'м');
INSERT INTO breed_breed VALUES(393,9,'ШЬЕН ПАРТИКОЛОР А ПУАЛЬ ФРИЗЕ МИНИАТЮРНЫЙ','CHIEN PARTICOLORE A POIL FRISE MINIATURE','Франция','France',0,'м');
INSERT INTO breed_breed VALUES(394,9,'ШЬЕН ПАРТИКОЛОР А ПУАЛЬ ФРИЗЕ СРЕДНИЙ','CHIEN PARTICOLORE A POIL FRISE MEDIUM','Франция','France',0,'с');
INSERT INTO breed_breed VALUES(395,9,'ШЬЕН ПАРТИКОЛОР А ПУАЛЬ ФРИЗЕ СТАНДАРТНЫЙ','CHIEN PARTICOLORE A POIL FRISE STANDART','Франция','France',0,'с');
INSERT INTO breed_breed VALUES(396,9,'ШЬЕН ПАРТИКОЛОР А ПУАЛЬ ФРИЗЕ ТОЙ','CHIEN PARTICOLORE A POIL FRISE TOY','Франция','France',0,'м');
INSERT INTO breed_breed VALUES(397,9,'ЯПОНСКИЙ ХИН','JAPANESE CHIN','Япония','Japan',206,'м');
INSERT INTO breed_breed VALUES(398,10,'АЗАВАК','AZAWAKH','Мали','Mali',307,'к');
INSERT INTO breed_breed VALUES(399,10,'АФГАНСКАЯ АБОРИГЕННАЯ БОРЗАЯ','ABORIGINAL AFGHAN HOUND','Афганистан','Afghanistan',0,'к');
INSERT INTO breed_breed VALUES(400,10,'АФГАНСКАЯ БОРЗАЯ','AFGHAN HOUND','Афганистан','Afghanistan',228,'к');
INSERT INTO breed_breed VALUES(401,10,'ВЕНГЕРСКАЯ БОРЗАЯ','HUNGARIAN GREYHOUND','Венгрия','Hungary',240,'к');
INSERT INTO breed_breed VALUES(402,10,'ГРЕЙХАУНД','GREYHOUND','Великобритания','Great Britain',158,'к');
INSERT INTO breed_breed VALUES(403,10,'ДИРХАУНД','DEERHOUND','Шотландия','Scotland',164,'к');
INSERT INTO breed_breed VALUES(404,10,'ИРЛАНДСКИЙ ВОЛЬФХАУНД','IRISH WOLFHOUND','Ирландия','Ireland',160,'г');
INSERT INTO breed_breed VALUES(405,10,'ИСПАНСКАЯ БОРЗАЯ','SPANISH GREYHOUND','Испания','Spain',285,'к');
INSERT INTO breed_breed VALUES(406,10,'МАЛАЯ ИТАЛЬЯНСКАЯ БОРЗАЯ','ITALIAN SIGHTHOUND','Италия','Italy',200,'м');
INSERT INTO breed_breed VALUES(407,10,'ПОЛЬСКАЯ БОРЗАЯ','POLISH GREYHOUND','Польша','Poland',333,'к');
INSERT INTO breed_breed VALUES(408,10,'РУССКАЯ ПСОВАЯ БОРЗАЯ','RUSSKAYA PSOVAYA BORZAYA (BORZOI)','Россия','Russia',193,'к');
INSERT INTO breed_breed VALUES(409,10,'САЛЮКИ','SALUKI','Ближний Восток','Middle East',269,'к');
INSERT INTO breed_breed VALUES(410,10,'СЛЮГИ','SLOUGHI','Марокко','Morocco',188,'к');
INSERT INTO breed_breed VALUES(411,10,'ТАЗЫ','TAZY','Казахстан','Kazakhstan',0,'к');
INSERT INTO breed_breed VALUES(412,10,'ТАЙГАН','TAYGAN','Киргизия','Kyrgyzstan',0,'к');
INSERT INTO breed_breed VALUES(413,10,'УИППЕТ','WHIPPET','Великобритания','Great Britain',162,'с');
INSERT INTO breed_breed VALUES(414,10,'ХОРТАЯ БОРЗАЯ','HORTAYA BORZAYA','Великобритания','Great Britain',0,'к');
INSERT INTO breed_breed VALUES(415,10,'ЮЖНОРУССКАЯ СТЕПНАЯ БОРЗАЯ','YOUZHNORUSSKAYA STEPNAYA BORZAYA (SOUTH RUSSIAN STEP SIGHTHOUND)','Россия','Russia',0,'к');
CREATE TABLE IF NOT EXISTS "dogs_dog" ("id" integer NOT NULL PRIMARY KEY AUTOINCREMENT, "region" text NOT NULL, "birth_date" date NOT NULL, "is_male" bool NOT NULL, "chip" text NOT NULL, "name_ru" text NOT NULL, "name_en" text NOT NULL, "colour_ru" text NOT NULL, "colour_en" text NOT NULL, "breeder_id" integer NOT NULL, "owner_id" integer NOT NULL, "father_id" integer NOT NULL, "mother_id" integer NOT NULL, "breed_id" integer NOT NULL, "rkf" text NOT NULL, "tattoo" text NOT NULL);
INSERT INTO dogs_dog VALUES(4,'-','2021-03-13',0,'-','ТРИПЛИМУН ВЕЛЬВЕТ ХЕЙЗ','-','Коричнево-мраморный','-',0,0,0,0,2,'6210169','IMB 2502');
INSERT INTO dogs_dog VALUES(5,'-','2021-09-01',1,'-','-','AKIO AMIKO AOMORI','рыжий','-',0,0,0,0,160,'6267738','ASS 3370');
INSERT INTO dogs_dog VALUES(6,'-','2021-10-09',1,'-','-','TYSON','голубой триколор','-',0,0,0,0,55,'-','ABC 817.154');
INSERT INTO dogs_dog VALUES(7,'-','2021-01-23',1,'-','-','ELKON REGARD VISUAL DELIGHT','черно-белый','-',0,0,0,0,119,'6201195','DAC 7217');
INSERT INTO dogs_dog VALUES(8,'-','2022-01-07',1,'-','-','RASPBERRY DAWN CHEMISTRY BETWEEN US','рыжий','-',0,0,0,0,335,'6278430','KFY 2823');
INSERT INTO dogs_dog VALUES(9,'-','2022-01-18',1,'-','НЕЖНОЕ ЧУДО ОТ БИГ ХАУС ЮТУБ','-','белый','-',0,0,0,0,6,'6484195','NVW 126');
INSERT INTO dogs_dog VALUES(10,'-','2022-05-19',1,'-','ЕМЕЛЯ','-','рыж. с чер. отт. и чер. Мас.','-',0,0,0,0,9,'Щ\К','DCH 41');
INSERT INTO dogs_dog VALUES(11,'-','2021-04-19',1,'-','Влади''с Манор Бест','-','триколор','-',0,0,0,0,61,'6196548','JUB 4373');
INSERT INTO dogs_dog VALUES(12,'-','2022-10-21',0,'-','-','CROM HUNTER ZENDAYA','-','tricolour',0,0,0,0,231,'Щ\К','900215005714517');
INSERT INTO dogs_dog VALUES(13,'-','2021-07-18',1,'-','-','CROM HUNTER VA-BANK','трехцветный','-',0,0,0,0,231,'6370731','CRH 126');
INSERT INTO dogs_dog VALUES(14,'-','2022-03-03',0,'-','-','CROM HUNTER EXCLUSIVE STORY','-','tricolour',0,0,0,0,231,'Щ\К','CRH 143');
INSERT INTO dogs_dog VALUES(15,'-','2008-06-29',0,'-','-','JEWEL TERGY','-','tricolour',0,0,0,0,231,'2467619','NET 5860');
INSERT INTO dogs_dog VALUES(16,'-','2021-09-12',1,'-','-','CASA DE LA COSTA LOTOS','-','tricolour',0,0,0,0,231,'Щ\К','643094800133700');
INSERT INTO dogs_dog VALUES(17,'-','2021-09-29',0,'-','СЕВЕРНАЯ ОРХИДЕЯ ЭНИГМА ДЮ МОНД','-','белый','-',0,0,0,0,358,'6366143','COO 1257');
INSERT INTO dogs_dog VALUES(18,'-','2021-11-09',0,'-','ГАРДЕНИЯ ЛИТТЛ','-','белый','-',0,0,0,0,358,'Щ\К','AUB 4376');
INSERT INTO dogs_dog VALUES(19,'-','2022-01-04',0,'-','ИСКРЯЩАЯЧЯ РАДОСТЬ ИСТИННАЯ ЛЕДИ','-','рыжий','-',0,0,0,0,361,'Щ\К','PLZ 3034');
INSERT INTO dogs_dog VALUES(20,'-','2022-09-12',0,'-','АРМАДА ЛА ВЕНСЕДОРА','-','триколор','-',0,0,0,0,125,'Щ\К','KIE 1395');
INSERT INTO dogs_dog VALUES(21,'-','2021-05-29',0,'-','-','BERNAYS HOPEFUL','серебристо-серый','-',0,0,0,0,305,'6158283','BAA 5331');
INSERT INTO dogs_dog VALUES(22,'-','2021-09-28',0,'-','ДЖЕК МИКС ДЭНИЗА','-','серебристо-серый','-',0,0,0,0,305,'6285790','PNZ 2252');
INSERT INTO dogs_dog VALUES(23,'-','2021-05-23',0,'-','ЖАСМИН','-','мраморный','-',0,0,0,0,17,'6254082','FNS 2075');
INSERT INTO dogs_dog VALUES(24,'-','2021-04-01',1,'-','-','Ruelven Dew Zimzalabim','-','-',0,0,0,0,17,'579579','MOY 4516');
INSERT INTO dogs_dog VALUES(25,'-','2022-04-24',0,'-','Барбелло Царская Особа','-','мрамор','-',0,0,0,0,17,'Щ\К','AOU 6999');
INSERT INTO dogs_dog VALUES(26,'-','2022-05-19',0,'-','-','SAFARI IZ IMPERII ADAMANT','триколор с тигр. подпал.','-',0,0,0,0,17,'6552692','JEK 457');
INSERT INTO dogs_dog VALUES(27,'-','2021-08-25',0,'-','МИЛЫЙ СТРАЖ ТАЙНАЯ  ВЛАСТЬ','-','триколор','-',0,0,0,0,18,'6334561','MLB 339');
INSERT INTO dogs_dog VALUES(28,'-','2020-12-20',0,'-','-','KOTOMIN’S DIAMOND BLAK','триколор','-',0,0,0,0,18,'5777363','KOA 180');
INSERT INTO dogs_dog VALUES(29,'-','2021-11-01',1,'-','ТАЙ БАЛА ГАРДЕН КИПЕР','-','рыже-белый','-',0,0,0,0,18,'Щ\К','MEA 1807');
INSERT INTO dogs_dog VALUES(30,'-','2021-08-09',1,'-','-','BRAITON MY BEST','рыж.белый','-',0,0,0,0,18,'6338742','AIW 8318');
INSERT INTO dogs_dog VALUES(31,'-','2022-07-23',0,'-','БЕЛОЕ ЗОЛОТО ЕДИНСТВО МЫШЛЕНИЯ','-','бело-чёрный','-',0,0,0,0,255,'Щ\К','TDK 6170');
INSERT INTO dogs_dog VALUES(32,'-','2022-04-08',1,'-','БЕЛОЕ ЗОЛОТО ВЕЛИКИЙ МОГУЧИЙ РУССКИЙ','-','бело-чёрный','-',0,0,0,0,255,'6530411','TDK 6059');
INSERT INTO dogs_dog VALUES(33,'-','2021-11-06',1,'-','-','KURTUBA MORANTE ','Золотистый','-',0,0,0,0,338,'6537359','941000026833514');
INSERT INTO dogs_dog VALUES(34,'-','2019-09-10',1,'-','РИЧЛИ РЭД ПОЛЬ ГИРАУД','-','рыжий','-',0,0,0,0,132,'5803004','RAR 306');
INSERT INTO dogs_dog VALUES(35,'-','2022-07-19',1,'-','-','Vita Stellata Number One','-','grey',0,0,0,0,72,'6537047','DFF 4974');
INSERT INTO dogs_dog VALUES(36,'-','2022-07-19',1,'-','-','Vita Stellata Night','-','black brindle',0,0,0,0,72,'6537044','DFF 4971');
INSERT INTO dogs_dog VALUES(37,'-','2020-10-17',1,'-','ДЖОКЕР ИЗ ЗВЕЗДНОЙ СТАИ','-','серый','-',0,0,0,0,72,'6107890','ICB 148');
INSERT INTO dogs_dog VALUES(38,'-','2021-12-22',0,'-','Интершарм Сорбонна','-','Стальной подпал','-',0,0,0,0,133,'Щ\К','INT 316');
INSERT INTO dogs_dog VALUES(39,'-','2021-09-01',1,'-','РОЯЛ БУТИК УЛЬТРА ШИК','-','-','-',0,0,0,0,133,'6267532','XRB 648');
INSERT INTO dogs_dog VALUES(40,'-','2018-11-04',0,'-','РАСПУСТИВШИЙСЯ ЦВЕТОК ХРИЗАНТЕМА','-','ст-п','-',0,0,0,0,133,'5423958','AUB 3740');
INSERT INTO dogs_dog VALUES(41,'-','2021-08-04',0,'-','-','VICTORY HUNTER NICE','СТ-П','-',0,0,0,0,133,'6394383','VXH 34');
INSERT INTO dogs_dog VALUES(42,'-','2021-10-08',0,'-','-','YULIA’S STAR TIARA','-','steel blue & tan',0,0,0,0,133,'6391545','ENE 2264');
INSERT INTO dogs_dog VALUES(43,'-','2021-09-02',1,'-','НАККИ ТОМПСОН','-','ст/п','-',0,0,0,0,133,'6489163','LCV 62');
INSERT INTO dogs_dog VALUES(44,'-','2021-08-02',0,'-','-','SIRILLA FIONA TANDRE MUSSE XTX','ст-п.','-',0,0,0,0,133,'6394225','XTX 4965');
INSERT INTO dogs_dog VALUES(45,'-','2020-04-17',0,'-','ЙОРКИ-ШАРМ ЗАБАВА ПУТЯТИШНА','-','ст-п','-',0,0,0,0,133,'5932609','UOS 120');
INSERT INTO dogs_dog VALUES(46,'-','2020-10-31',0,'-','ЙОРКИ-ШАРМ ИМПЕРАТРИЦА','-','ст-п','-',0,0,0,0,133,'6088739','UOS 124');
INSERT INTO dogs_dog VALUES(47,'-','2020-06-27',0,'-','БЕЛВОРТ ТОП ТИЭР ГЕЛ','-','блен','-',0,0,0,0,362,'6013787','AKC 300');
INSERT INTO dogs_dog VALUES(48,'-','2022-01-08',0,'-','ВИТА ШАМО ЧЕЛСИ','-','блен.','-',0,0,0,0,362,'6437851','PNA 2871');
INSERT INTO dogs_dog VALUES(49,'-','2012-03-29',1,'-','-','TRUMPINGTON''S UINDERCOVER POKER','-','-',0,0,0,0,134,'3365380','756098100566531');
INSERT INTO dogs_dog VALUES(50,'-','2021-08-25',0,'-','ГЭЛЛЭНТ ХОФ ЕННИФЕР ЛАККИ СПАРК','-','голубой','-',0,0,0,0,135,'6386386','VAV 112');
INSERT INTO dogs_dog VALUES(51,'-','2021-06-12',1,'-','СТАРЛИТ ШАРМ ИФЕЙОН','-','пал','-',0,0,0,0,344,'6314247','ABI 13019');
INSERT INTO dogs_dog VALUES(52,'-','2022-02-06',1,'-','-','FINEST SMILE''S JE T''AIME','палевый','-',0,0,0,0,344,'Щ\К','ABI 13357');
INSERT INTO dogs_dog VALUES(53,'-','2022-01-25',0,'-','-','LAVINTA DOLCE VITA','палевый','-',0,0,0,0,344,'6428926','ABI 13332');
INSERT INTO dogs_dog VALUES(54,'-','2021-11-24',1,'-','ДАМИАН КОЭН МАКС','-','пал.','-',0,0,0,0,344,'6426880','SII 3737');
INSERT INTO dogs_dog VALUES(55,'-','2021-09-28',0,'-','-','DELIR MAGRIF BERTA','белый','-',0,0,0,0,31,'6025167','WLH 356');
INSERT INTO dogs_dog VALUES(56,'-','2020-06-04',0,'-','ПОСАДСКАЯ СТРАЖА ФРЕЯ','-','Бело-соболиный','-',0,0,0,0,82,'5975838','POE 443');
INSERT INTO dogs_dog VALUES(57,'-','2021-09-29',0,'-','Свего Бокс Юника','-','Тигровый','-',0,0,0,0,84,'6330378','CWE 202');
INSERT INTO dogs_dog VALUES(58,'-','2021-06-29',1,'-','СВЕГО БОКС ЮНИТ ХАЙ ЛЭВЭЛ','-','Тигровый','-',0,0,0,0,84,'6330376','CWE 200');
INSERT INTO dogs_dog VALUES(59,'-','2021-10-13',1,'-','-','SANDJI DU DRAGON DE LA PLUME DOREE','палевый','-',0,0,0,0,85,'6427808','250268600327802');
INSERT INTO dogs_dog VALUES(60,'-','2021-12-11',1,'-','-','CRAPULA II DE MAYESTE','тигровый','-',0,0,0,0,85,'6530408','978101083923544');
INSERT INTO dogs_dog VALUES(61,'-','2020-08-11',0,'-','РУМЯНА ИЗ ОЗЕРНОЙ СТОРОЖКИ','-','чёрный','-',0,0,0,0,85,'6100453','VLQ184');
INSERT INTO dogs_dog VALUES(62,'-','2021-10-16',1,'-','-','SCHUBERT LOVE DU MONT DE L'' AMOUR D'' HATEA','Арлекин','-',0,0,0,0,85,'6429001','250269590641010');
INSERT INTO dogs_dog VALUES(63,'-','2022-04-03',0,'-','КАИР ДЭЛ ПОБЕДА Z','-','чёрный','-',0,0,0,0,85,'Щ/К','AUB 4457');
INSERT INTO dogs_dog VALUES(64,'-','2020-09-18',0,'-','БЕЛЫЕ РОССЫ II ЗЕНА','-','корич-крапч','-',0,0,0,0,317,'6153307','BRG 225');
INSERT INTO dogs_dog VALUES(65,'-','2019-04-08',1,'-','-','EDEN IZ OHOTNICHIEGO DVORA','Кофейный','-',0,0,0,0,318,'5663549','643094100602869');
INSERT INTO dogs_dog VALUES(66,'-','2021-05-01',0,'-','ЛИТЛ БЕБИ БЭЙЛИ КОМИЛЬФО СОНЛАЙТ','-','оранжевый','-',0,0,0,0,185,'6234915','OCE 4920');
INSERT INTO dogs_dog VALUES(67,'-','2021-10-17',0,'-','БЭТТИ','-','оранж. - соб.','-',0,0,0,0,185,'6407603','DSI 8856');
INSERT INTO dogs_dog VALUES(68,'-','2021-06-27',0,'-','-','VERSAILLES','ч/п','-',0,0,0,0,139,'6225356','PIK 7096');
INSERT INTO dogs_dog VALUES(69,'-','2021-11-06',1,'-','УДЕЛЬНЫЙ КНЯЗЬ ОТ КАРЕЛЬСКИХ МЕДВЕДЕЙ','-','бел-чер.','-',0,0,0,0,87,'6365596','AZZ 3441');
INSERT INTO dogs_dog VALUES(70,'-','2022-02-20',0,'-','-','DYNASTIC BRANCH NEW LOOK SAME GREAT','-','black',0,0,0,0,87,'6467341','TUX 467');
INSERT INTO dogs_dog VALUES(71,'-','2021-01-09',1,'-','РУБАХА ПАРЕНЬ ОТ СИБИРСКОГО МЕДВЕДЯ','-','черный','-',0,0,0,0,87,'6058835','OHB 269');
INSERT INTO dogs_dog VALUES(72,'-','2022-09-14',1,'-','Мокси Микс Орландо Рафаэль IV','-','бело-рыжий','-',0,0,0,0,141,'Щ\К','ARV 781');
INSERT INTO dogs_dog VALUES(73,'-','2021-01-11',1,'-','-','PURE CLOUD YUDGIN POLAR LIGHTS','белый','-',0,0,0,0,201,'6144473','TNJ 4091');
INSERT INTO dogs_dog VALUES(74,'-','2021-11-02',0,'-','-','Yukki Hill Fascinating Salsa for Sangerfild','ч-п','-',0,0,0,0,326,'6440904','XIL 48');
INSERT INTO dogs_dog VALUES(75,'-','2021-08-04',1,'-','БУР ГРАД ЧЕМПИОН''С КЛАБ','-','рыжий','-',0,0,0,0,202,'6554126','FOI 3415');
INSERT INTO dogs_dog VALUES(76,'-','2021-08-07',0,'-','ДИКОЕ ПОЛЕ ИЦУКИ','-','рыжий','-',0,0,0,0,202,'6335431','ZTW 1155');
INSERT INTO dogs_dog VALUES(77,'-','2021-12-09',0,'-','РОКА','-','рыжий','-',0,0,0,0,202,'6348252','AVZ 10925');
INSERT INTO dogs_dog VALUES(78,'-','2021-09-01',1,'-','-','ZORRO CHILD OF DARKNESS','палево-белый','-',0,0,0,0,203,'Щ\К','OIP 560');
INSERT INTO dogs_dog VALUES(79,'-','2013-09-29',0,'-','АРТЕМОВ ИНГРИД-ЛАГЕРТА','-','пал-бел.','-',0,0,0,0,203,'3819103','RTT 182');
INSERT INTO dogs_dog VALUES(80,'-','2022-09-07',1,'-','-','STAFFI FAMILY VOLAND','чёрный','-',0,0,0,0,145,'Щ\К','SPF 1864');
INSERT INTO dogs_dog VALUES(81,'-','2022-05-28',1,'-','-','OREGON IZ NOVO-PEREDELKINO','-','brown&tan',0,0,0,0,153,'Щ\К','AAP 13614');
INSERT INTO dogs_dog VALUES(82,'-','1901-01-01',1,'-','НАНДА ПАРВАТИ БЕЛЛ АЛЕКСАНДЕР ГРЭМ','-','Окрас голубой с подпалом','-',0,0,0,0,100,'6116816','GDR 3521');
INSERT INTO dogs_dog VALUES(83,'-','2021-11-07',0,'-','АУРЕЛИЯ АПРИКОТ ФЛОВЕР','-','Бело-тигровый ','-',0,0,0,0,413,'6399189','VIP 4219');
INSERT INTO dogs_dog VALUES(84,'-','2021-06-10',0,'-','-','VALPAIN PEK KLARISSA','-','blue brindle',0,0,0,0,413,'6264825','DFM 1445');
INSERT INTO dogs_dog VALUES(85,'-','2021-06-05',0,'-','-','CHARISSE IZ VESELOI SEMEIKI','тигровый','-',0,0,0,0,388,'6307148','CEX 206');
INSERT INTO dogs_dog VALUES(86,'-','2017-07-31',0,'-','-','REGINA IZ VESELOI SEMEIKI','тигровый','-',0,0,0,0,388,'5070969','CEХ 186');
INSERT INTO dogs_dog VALUES(87,'-','2021-11-27',1,'-','ДЮВИНАЛЬ ЭМБЕР ЭЛИАС','-','рыжий','-',0,0,0,0,106,'6394036','XAX 6153');
INSERT INTO dogs_dog VALUES(88,'-','2022-10-13',1,'-','ПРИМА ХИАДУМ БЕЙКЕР','-','рыжий','-',0,0,0,0,106,'Щ\К','ASS 3525');
INSERT INTO dogs_dog VALUES(89,'-','2022-08-16',0,'-','-','JOKER SHOW ALFA','-','red',0,0,0,0,106,'Щ\К','TSK 734');
INSERT INTO dogs_dog VALUES(90,'-','2021-10-19',0,'-','ПЛАТИНУМ ПРАЙД ЛИЕН КЕЙТ','-','Черный с подпалом','-',0,0,0,0,106,'6396598','BVF 4627');
INSERT INTO dogs_dog VALUES(91,'-','2022-04-30',1,'-','-','YAREK FON GOLDEN PEARL','белый','-',0,0,0,0,107,'Щ\К','HPP 2241');
INSERT INTO dogs_dog VALUES(92,'-','2022-01-09',0,'-','-','STAR''S OF WHITE NIGHT JULIETTE','белый','-',0,0,0,0,107,'6460232','JAY 929');
INSERT INTO dogs_dog VALUES(93,'-','2022-01-13',0,'-','РУССКИЙ АССОРТИ''К КРАСОТКА','-','белый','-',0,0,0,0,107,'Щ\К','BKN 30525');
INSERT INTO dogs_dog VALUES(94,'-','2022-04-06',0,'-','-','AIK''BRUT FILIGREE','-','salt&pepper',0,0,0,0,107,'Щ\К','TVU 310');
INSERT INTO dogs_dog VALUES(95,'-','2021-09-07',1,'-','-','ZIK SANDERS BOURBON LOUIS','-','p & s',0,0,0,0,107,'Щ\К','JIE 4022');
INSERT INTO dogs_dog VALUES(96,'-','2021-06-07',0,'-','-','FOKUS-POKUS CUBOMI HANASAKI','-','pepper & salt',0,0,0,0,107,'6365746','BAE 6661');
INSERT INTO dogs_dog VALUES(97,'-','2021-02-01',0,'-','-','RUSSKIY ASSORTI''C EMMANUEL','-','p & s',0,0,0,0,107,'6190757','BKN 30458');
INSERT INTO dogs_dog VALUES(98,'-','2021-04-16',0,'-','-','AIK''BRUT RAZVEDKA','перец с солью','-',0,0,0,0,107,'6360931','TVU 300');
INSERT INTO dogs_dog VALUES(99,'-','2022-08-15',0,'-','-','FOKUS-POKUS SHKODA','-','black',0,0,0,0,107,'Щ\К','BAE 7299');
INSERT INTO dogs_dog VALUES(100,'-','2021-01-23',0,'-','-','TOP TARGET RAPSODIYA','-','black',0,0,0,0,107,'6196626','AUJ 693');
INSERT INTO dogs_dog VALUES(101,'-','2021-09-04',0,'-','АРМАЛЬД КАРА СЕВАДА','-','чёрный','-',0,0,0,0,107,'6461423','GOV 495');
INSERT INTO dogs_dog VALUES(102,'-','2022-05-17',1,'-','АРМАЛЬД ПАРАДОКС','-','чёрный','-',0,0,0,0,107,'6587098','GOV 512');
INSERT INTO dogs_dog VALUES(103,'-','2022-04-12',0,'-','СИЛЬВЕР''ВИНХАНТЕР ГЕНТЛИ МУН','-','черный с серебром','-',0,0,0,0,107,'6468753','WCC 2445');
INSERT INTO dogs_dog VALUES(104,'-','2021-03-06',1,'-','-','SANTA KNYRYS BORN TO WIN','чёрный с серебром','-',0,0,0,0,107,'6198764','KNY 1985');
INSERT INTO dogs_dog VALUES(105,'-','2020-04-16',0,'-','-','SANTA KNYRYS JOYRIDE','чёрный с серебром','-',0,0,0,0,107,'5755459','KNY 1908');
INSERT INTO dogs_dog VALUES(106,'-','2021-02-16',0,'-','ДИВО СЕВЕРА РАДОСТЬ ЕДИНСТВЕННАЯ ЗОСЯ','-','чёрный с серебром','-',0,0,0,0,107,'6191366','THH 72');
INSERT INTO dogs_dog VALUES(107,'-','2021-02-12',0,'-','-','TORNADO-SHIV MAVIS','чёрный с серебром','-',0,0,0,0,107,'6194898','MEM 1301');
INSERT INTO dogs_dog VALUES(108,'-','2020-12-21',0,'-','АМОРИ МАРТИ ПЕРРИ ЭДВАРДС','-','Черный с серебристым подпалом','-',0,0,0,0,107,'6057225','DUD 172');
INSERT INTO dogs_dog VALUES(109,'-','2022-05-07',0,'-','Супер Шайн Амейзинг Дейзи','-','чёрный с серебром','-',0,0,0,0,107,'Щ\К','DSI 17391');
INSERT INTO dogs_dog VALUES(110,'-','2021-10-30',0,'-','Валькирия Нова Тиффани','-','лиловый с белым','-',0,0,0,0,391,'6385568','DJD 13017');
INSERT INTO dogs_dog VALUES(111,'-','2021-04-19',1,'-','КРИСТАЛ ДРИМ ОПИУМ','-','бел-зол','-',0,0,0,0,392,'6199207','DIE 4187');
INSERT INTO dogs_dog VALUES(112,'-','2015-01-04',1,'-','-','TOP TARGET QUANTUM LEAP','перец с солью','-',0,0,0,0,110,'4235909','AUJ 541');
INSERT INTO dogs_dog VALUES(113,'-','2015-02-22',1,'-','-','Magnum Force Artax''s Angels','перец с солью','-',0,0,0,0,110,'4410877','956000008564031');
INSERT INTO dogs_dog VALUES(114,'-','2021-06-10',0,'-','-','Invidia Dios Teoria Dell''Amore','перец с солью','-',0,0,0,0,110,'6283762','AKV 5911');
INSERT INTO dogs_dog VALUES(115,'-','2022-10-10',0,'-','Аве конкорд Ерика','-','п\с','-',0,0,0,0,110,'Щ\К','ЕЕЕ 305');
INSERT INTO dogs_dog VALUES(116,'-','2022-04-07',0,'-','-','Nettl Greit Greta','п/с','-',0,0,0,0,110,'Щ/К','ММВ 717');
INSERT INTO dogs_dog VALUES(117,'-','2019-07-22',0,'-','АЛЬТЕЗЗА МАССИМА ЧИО РИО','-','Перец с солью','-',0,0,0,0,110,'5663585','PLH 2360');
INSERT INTO dogs_dog VALUES(118,'-','2021-03-07',0,'-','-','TRELS YUTLANDIYAGELIS','п/с','-',0,0,0,0,110,'6159770','ALB 824');
INSERT INTO dogs_dog VALUES(119,'-','2023-02-25',1,'-','-','TRELS NEWMAN RUTH BENKY','п/с','-',0,0,0,0,110,'5232739','ALB699');
INSERT INTO dogs_dog VALUES(120,'-','2022-06-24',0,'-','ГОЛД НЕРИС ЗИППИ ЧЕРНЫЙ СТРАЖНИК','-','чёрный','-',0,0,0,0,110,'Щ\К','GFE 3307');
INSERT INTO dogs_dog VALUES(121,'-','2021-05-14',1,'-','ЧЕРНЫЙ СТРАЖНИК РИСК ФАКТОР','-','чёрный','-',0,0,0,0,110,'6284153','BAP 245');
INSERT INTO dogs_dog VALUES(122,'-','2016-09-25',0,'-','-','Cherni Strazhnik Letkajenkka','чёрный','black',0,0,0,0,110,'4755339','BAP 218');
INSERT INTO dogs_dog VALUES(123,'-','2021-08-09',0,'-','ДЖЕНТЛИ БОРН ТАНГО ИН ЗЕ НАЙТ','-','черно-подпалый','-',0,0,0,0,394,'6324089','JTB 342');
CREATE TABLE IF NOT EXISTS "classes_dogclass" (
	"id"	integer NOT NULL,
	"name_ru"	text NOT NULL,
	"name_en"	text NOT NULL,
	PRIMARY KEY("id" AUTOINCREMENT)
);
INSERT INTO classes_dogclass VALUES(1,'беби','baby');
INSERT INTO classes_dogclass VALUES(2,'щенков','puppy');
INSERT INTO classes_dogclass VALUES(3,'юниоров','junior');
INSERT INTO classes_dogclass VALUES(4,'промежуточный','intermediate');
INSERT INTO classes_dogclass VALUES(5,'открытый','open');
INSERT INTO classes_dogclass VALUES(6,'рабочий','working');
INSERT INTO classes_dogclass VALUES(7,'победителей','winner');
INSERT INTO classes_dogclass VALUES(8,'чемпионов','champion');
INSERT INTO classes_dogclass VALUES(9,'чемпионов НКП','club champion');
INSERT INTO classes_dogclass VALUES(10,'ветеранов','veteran');
CREATE TABLE IF NOT EXISTS "event_type" ("id" integer NOT NULL PRIMARY KEY AUTOINCREMENT, "name" text NOT NULL);
INSERT INTO event_type VALUES(1,'Национальные');
INSERT INTO event_type VALUES(2,'Международные');
INSERT INTO event_type VALUES(3,'Рейтинговые');
INSERT INTO event_type VALUES(4,'Монопородные');
CREATE TABLE IF NOT EXISTS "event_rank" ("id" integer NOT NULL PRIMARY KEY AUTOINCREMENT, "name" text NOT NULL);
INSERT INTO event_rank VALUES(1,'КЧК');
INSERT INTO event_rank VALUES(2,'САС ЧФ');
INSERT INTO event_rank VALUES(3,'КЧК в каждом классе');
INSERT INTO event_rank VALUES(4,'САС ЧРКФ');
INSERT INTO event_rank VALUES(5,'ПК');
INSERT INTO event_rank VALUES(6,'Национальная "Победитель клубного года"');
INSERT INTO event_rank VALUES(7,'ЧРКФ с особым статусом');
INSERT INTO event_rank VALUES(8,'CACIB FCI');
INSERT INTO event_rank VALUES(9,'ПП');
INSERT INTO event_rank VALUES(10,'ЧРКФ без САС');
INSERT INTO event_rank VALUES(11,'ЧФ без САС');
INSERT INTO event_rank VALUES(12,'САС 1 гр.');
INSERT INTO event_rank VALUES(13,'САС 2 гр.');
INSERT INTO event_rank VALUES(14,'САС 3 гр.');
INSERT INTO event_rank VALUES(15,'САС 4 гр.');
INSERT INTO event_rank VALUES(16,'САС 5 гр.');
INSERT INTO event_rank VALUES(17,'САС 6 гр.');
INSERT INTO event_rank VALUES(18,'САС 7 гр.');
INSERT INTO event_rank VALUES(19,'САС 8 гр.');
INSERT INTO event_rank VALUES(20,'САС 9 гр.');
INSERT INTO event_rank VALUES(21,'САС 10 гр.');
CREATE TABLE IF NOT EXISTS "participant_participant" ("id" integer NOT NULL PRIMARY KEY AUTOINCREMENT, "dog_id" integer NOT NULL, "event_id" integer NOT NULL, "is_pay" bool NOT NULL, "class_id" integer NOT NULL);
INSERT INTO participant_participant VALUES(1,36,1,1,1);
INSERT INTO participant_participant VALUES(2,59,1,1,1);
INSERT INTO participant_participant VALUES(3,62,1,1,1);
INSERT INTO participant_participant VALUES(4,65,1,1,1);
INSERT INTO participant_participant VALUES(5,16,1,1,1);
INSERT INTO participant_participant VALUES(6,49,1,1,1);
INSERT INTO participant_participant VALUES(7,12,1,1,1);
INSERT INTO participant_participant VALUES(8,33,1,1,1);
INSERT INTO participant_participant VALUES(9,81,1,1,1);
INSERT INTO participant_participant VALUES(10,51,1,1,1);
INSERT INTO participant_participant VALUES(11,53,1,1,1);
INSERT INTO participant_participant VALUES(12,52,1,1,1);
INSERT INTO participant_participant VALUES(13,30,1,1,1);
INSERT INTO participant_participant VALUES(14,47,1,1,1);
INSERT INTO participant_participant VALUES(15,118,1,1,1);
INSERT INTO participant_participant VALUES(16,25,1,1,1);
INSERT INTO participant_participant VALUES(17,72,1,1,1);
INSERT INTO participant_participant VALUES(18,5,1,1,1);
INSERT INTO participant_participant VALUES(19,88,1,1,1);
INSERT INTO participant_participant VALUES(20,40,1,1,1);
INSERT INTO participant_participant VALUES(21,18,1,1,1);
INSERT INTO participant_participant VALUES(22,63,1,1,1);
INSERT INTO participant_participant VALUES(23,77,1,1,1);
INSERT INTO participant_participant VALUES(24,69,1,1,1);
INSERT INTO participant_participant VALUES(25,21,1,1,1);
INSERT INTO participant_participant VALUES(26,64,1,1,1);
INSERT INTO participant_participant VALUES(27,90,1,1,1);
INSERT INTO participant_participant VALUES(28,85,1,1,1);
INSERT INTO participant_participant VALUES(29,86,1,1,1);
INSERT INTO participant_participant VALUES(30,17,1,1,1);
INSERT INTO participant_participant VALUES(31,13,1,1,1);
INSERT INTO participant_participant VALUES(32,14,1,1,1);
INSERT INTO participant_participant VALUES(33,58,1,1,1);
INSERT INTO participant_participant VALUES(34,57,1,1,1);
INSERT INTO participant_participant VALUES(36,7,1,1,1);
INSERT INTO participant_participant VALUES(37,10,1,1,1);
INSERT INTO participant_participant VALUES(38,84,1,1,1);
INSERT INTO participant_participant VALUES(39,111,1,1,1);
INSERT INTO participant_participant VALUES(40,110,1,1,1);
INSERT INTO participant_participant VALUES(41,67,1,1,1);
INSERT INTO participant_participant VALUES(42,42,1,1,1);
INSERT INTO participant_participant VALUES(43,23,1,1,1);
INSERT INTO participant_participant VALUES(44,75,1,1,1);
INSERT INTO participant_participant VALUES(45,82,1,1,1);
INSERT INTO participant_participant VALUES(46,101,1,1,1);
INSERT INTO participant_participant VALUES(47,102,1,1,1);
INSERT INTO participant_participant VALUES(48,37,1,1,1);
INSERT INTO participant_participant VALUES(49,4,1,1,1);
INSERT INTO participant_participant VALUES(50,38,1,1,1);
INSERT INTO participant_participant VALUES(51,26,1,1,1);
INSERT INTO participant_participant VALUES(52,123,1,1,1);
INSERT INTO participant_participant VALUES(53,11,1,1,1);
INSERT INTO participant_participant VALUES(54,8,1,1,1);
INSERT INTO participant_participant VALUES(55,20,1,1,1);
INSERT INTO participant_participant VALUES(56,28,1,1,1);
INSERT INTO participant_participant VALUES(57,43,1,1,1);
INSERT INTO participant_participant VALUES(58,29,1,1,1);
INSERT INTO participant_participant VALUES(59,27,1,1,1);
INSERT INTO participant_participant VALUES(60,15,1,1,1);
INSERT INTO participant_participant VALUES(61,9,1,1,1);
INSERT INTO participant_participant VALUES(62,66,1,1,1);
INSERT INTO participant_participant VALUES(63,71,1,1,1);
INSERT INTO participant_participant VALUES(64,78,1,1,1);
INSERT INTO participant_participant VALUES(65,68,1,1,1);
INSERT INTO participant_participant VALUES(66,19,1,1,1);
INSERT INTO participant_participant VALUES(67,48,1,1,1);
INSERT INTO participant_participant VALUES(68,22,1,1,1);
INSERT INTO participant_participant VALUES(69,56,1,1,1);
INSERT INTO participant_participant VALUES(70,34,1,1,1);
INSERT INTO participant_participant VALUES(71,79,1,1,1);
INSERT INTO participant_participant VALUES(72,54,1,1,1);
INSERT INTO participant_participant VALUES(73,80,1,1,1);
INSERT INTO participant_participant VALUES(74,32,1,1,1);
INSERT INTO participant_participant VALUES(75,31,1,1,1);
INSERT INTO participant_participant VALUES(76,73,1,1,1);
INSERT INTO participant_participant VALUES(77,89,1,1,1);
INSERT INTO participant_participant VALUES(78,70,1,1,1);
INSERT INTO participant_participant VALUES(79,50,1,1,1);
INSERT INTO participant_participant VALUES(80,83,1,1,1);
INSERT INTO participant_participant VALUES(81,61,1,1,1);
INSERT INTO participant_participant VALUES(82,55,1,1,1);
INSERT INTO participant_participant VALUES(83,87,1,1,1);
INSERT INTO participant_participant VALUES(84,74,1,1,1);
INSERT INTO participant_participant VALUES(85,44,1,1,1);
INSERT INTO participant_participant VALUES(86,76,1,1,1);
INSERT INTO participant_participant VALUES(87,116,1,1,1);
INSERT INTO participant_participant VALUES(88,35,2,1,1);
INSERT INTO participant_participant VALUES(89,59,2,1,1);
INSERT INTO participant_participant VALUES(90,62,2,1,1);
INSERT INTO participant_participant VALUES(91,6,2,1,1);
INSERT INTO participant_participant VALUES(92,118,2,1,1);
INSERT INTO participant_participant VALUES(93,119,2,1,1);
INSERT INTO participant_participant VALUES(94,63,2,1,1);
INSERT INTO participant_participant VALUES(95,112,2,1,1);
INSERT INTO participant_participant VALUES(96,100,2,1,1);
INSERT INTO participant_participant VALUES(97,96,2,1,1);
INSERT INTO participant_participant VALUES(98,99,2,1,1);
INSERT INTO participant_participant VALUES(99,97,2,1,1);
INSERT INTO participant_participant VALUES(100,93,2,1,1);
INSERT INTO participant_participant VALUES(101,58,2,1,1);
INSERT INTO participant_participant VALUES(102,109,2,1,1);
INSERT INTO participant_participant VALUES(103,108,2,1,1);
INSERT INTO participant_participant VALUES(104,82,2,1,1);
INSERT INTO participant_participant VALUES(105,101,2,1,1);
INSERT INTO participant_participant VALUES(106,102,2,1,1);
INSERT INTO participant_participant VALUES(107,91,2,1,1);
INSERT INTO participant_participant VALUES(108,92,2,1,1);
INSERT INTO participant_participant VALUES(109,95,2,1,1);
INSERT INTO participant_participant VALUES(110,105,2,1,1);
INSERT INTO participant_participant VALUES(111,104,2,1,1);
INSERT INTO participant_participant VALUES(112,107,2,1,1);
INSERT INTO participant_participant VALUES(113,71,2,1,1);
INSERT INTO participant_participant VALUES(114,117,2,1,1);
INSERT INTO participant_participant VALUES(115,106,2,1,1);
INSERT INTO participant_participant VALUES(116,98,2,1,1);
INSERT INTO participant_participant VALUES(117,94,2,1,1);
INSERT INTO participant_participant VALUES(118,103,2,1,1);
INSERT INTO participant_participant VALUES(119,87,2,1,1);
INSERT INTO participant_participant VALUES(120,116,2,1,1);
INSERT INTO participant_participant VALUES(121,49,3,1,1);
INSERT INTO participant_participant VALUES(122,42,3,1,1);
INSERT INTO participant_participant VALUES(123,38,3,1,1);
INSERT INTO participant_participant VALUES(124,68,3,1,1);
INSERT INTO participant_participant VALUES(125,50,3,1,1);
INSERT INTO participant_participant VALUES(126,41,3,1,1);
INSERT INTO participant_participant VALUES(127,39,3,1,1);
INSERT INTO participant_participant VALUES(128,44,3,1,1);
INSERT INTO participant_participant VALUES(129,113,4,1,1);
INSERT INTO participant_participant VALUES(130,114,4,1,1);
INSERT INTO participant_participant VALUES(131,118,4,1,1);
INSERT INTO participant_participant VALUES(132,119,4,1,1);
INSERT INTO participant_participant VALUES(133,122,4,1,1);
INSERT INTO participant_participant VALUES(134,121,4,1,1);
INSERT INTO participant_participant VALUES(135,120,4,1,1);
INSERT INTO participant_participant VALUES(136,117,4,1,1);
INSERT INTO participant_participant VALUES(137,115,4,1,1);
INSERT INTO participant_participant VALUES(138,116,4,1,1);
INSERT INTO participant_participant VALUES(139,59,5,1,1);
INSERT INTO participant_participant VALUES(140,62,5,1,1);
INSERT INTO participant_participant VALUES(141,60,5,1,1);
INSERT INTO participant_participant VALUES(142,63,5,1,1);
INSERT INTO participant_participant VALUES(143,61,5,1,1);
INSERT INTO participant_participant VALUES(144,47,7,1,1);
INSERT INTO participant_participant VALUES(145,85,7,1,1);
INSERT INTO participant_participant VALUES(146,86,7,1,1);
INSERT INTO participant_participant VALUES(147,58,7,1,1);
INSERT INTO participant_participant VALUES(148,8,7,1,1);
INSERT INTO participant_participant VALUES(149,24,7,1,1);
INSERT INTO participant_participant VALUES(150,66,7,1,1);
INSERT INTO participant_participant VALUES(151,19,7,1,1);
INSERT INTO participant_participant VALUES(152,45,7,1,1);
INSERT INTO participant_participant VALUES(153,46,7,1,1);
CREATE TABLE IF NOT EXISTS "event_event" ("id" integer NOT NULL PRIMARY KEY AUTOINCREMENT, "org_id" integer NOT NULL, "name" text NOT NULL, "type" text NOT NULL, "date" date NOT NULL);
INSERT INTO event_event VALUES(1,0,'1 САС ЧРКФ','-','2023-01-01');
INSERT INTO event_event VALUES(2,0,'2 САС 2 ГРУППЫ','-','2023-01-01');
INSERT INTO event_event VALUES(3,0,'3 САС 3 ГРУППЫ','-','2023-01-01');
INSERT INTO event_event VALUES(4,0,'4 МОНОПОРОДНЫЕ ВЫСТАВКА ШНАУЦЕР','-','2023-01-01');
INSERT INTO event_event VALUES(5,0,'5 МОНОПОРОДНЫЕ ВЫСТАВКА НЕМЕЦКИЙ ДОГ','-','2023-01-01');
INSERT INTO event_event VALUES(6,0,'6 МОНОПОРОДНЫЕ ВЫСТАВКА ЦВЕРГШНАУЦЕР','-','2023-01-01');
INSERT INTO event_event VALUES(7,0,'7 ТЕСТИРОВАНИЕ','-','2023-01-01');
DELETE FROM sqlite_sequence;
INSERT INTO sqlite_sequence VALUES('django_migrations',33);
INSERT INTO sqlite_sequence VALUES('django_admin_log',4);
INSERT INTO sqlite_sequence VALUES('django_content_type',14);
INSERT INTO sqlite_sequence VALUES('auth_permission',56);
INSERT INTO sqlite_sequence VALUES('auth_group',0);
INSERT INTO sqlite_sequence VALUES('auth_user',1);
INSERT INTO sqlite_sequence VALUES('dogs_dog',123);
INSERT INTO sqlite_sequence VALUES('classes_dogclass',10);
INSERT INTO sqlite_sequence VALUES('participant_participant',153);
INSERT INTO sqlite_sequence VALUES('event_event',7);
CREATE UNIQUE INDEX "auth_group_permissions_group_id_permission_id_0cd325b0_uniq" ON "auth_group_permissions" ("group_id", "permission_id");
CREATE INDEX "auth_group_permissions_group_id_b120cbf9" ON "auth_group_permissions" ("group_id");
CREATE INDEX "auth_group_permissions_permission_id_84c5c92e" ON "auth_group_permissions" ("permission_id");
CREATE UNIQUE INDEX "auth_user_groups_user_id_group_id_94350c0c_uniq" ON "auth_user_groups" ("user_id", "group_id");
CREATE INDEX "auth_user_groups_user_id_6a12ed8b" ON "auth_user_groups" ("user_id");
CREATE INDEX "auth_user_groups_group_id_97559544" ON "auth_user_groups" ("group_id");
CREATE UNIQUE INDEX "auth_user_user_permissions_user_id_permission_id_14a6b632_uniq" ON "auth_user_user_permissions" ("user_id", "permission_id");
CREATE INDEX "auth_user_user_permissions_user_id_a95ead1b" ON "auth_user_user_permissions" ("user_id");
CREATE INDEX "auth_user_user_permissions_permission_id_1fbb5f2c" ON "auth_user_user_permissions" ("permission_id");
CREATE INDEX "django_admin_log_content_type_id_c4bce8eb" ON "django_admin_log" ("content_type_id");
CREATE INDEX "django_admin_log_user_id_c564eba6" ON "django_admin_log" ("user_id");
CREATE UNIQUE INDEX "django_content_type_app_label_model_76bd3d3b_uniq" ON "django_content_type" ("app_label", "model");
CREATE UNIQUE INDEX "auth_permission_content_type_id_codename_01ab375a_uniq" ON "auth_permission" ("content_type_id", "codename");
CREATE INDEX "auth_permission_content_type_id_2f476e4b" ON "auth_permission" ("content_type_id");
CREATE INDEX "django_session_expire_date_a5c62663" ON "django_session" ("expire_date");
COMMIT;
