PRAGMA foreign_keys=OFF;
BEGIN TRANSACTION;
CREATE TABLE IF NOT EXISTS "django_migrations" ("id" integer NOT NULL PRIMARY KEY AUTOINCREMENT, "app" varchar(255) NOT NULL, "name" varchar(255) NOT NULL, "applied" datetime NOT NULL);
INSERT INTO django_migrations VALUES(1,'contenttypes','0001_initial','2023-07-03 20:43:18.605753');
INSERT INTO django_migrations VALUES(2,'auth','0001_initial','2023-07-03 20:43:18.631756');
INSERT INTO django_migrations VALUES(3,'admin','0001_initial','2023-07-03 20:43:18.647753');
INSERT INTO django_migrations VALUES(4,'admin','0002_logentry_remove_auto_add','2023-07-03 20:43:18.658753');
INSERT INTO django_migrations VALUES(5,'admin','0003_logentry_add_action_flag_choices','2023-07-03 20:43:18.666753');
INSERT INTO django_migrations VALUES(6,'contenttypes','0002_remove_content_type_name','2023-07-03 20:43:18.682753');
INSERT INTO django_migrations VALUES(7,'auth','0002_alter_permission_name_max_length','2023-07-03 20:43:18.695754');
INSERT INTO django_migrations VALUES(8,'auth','0003_alter_user_email_max_length','2023-07-03 20:43:18.705753');
INSERT INTO django_migrations VALUES(9,'auth','0004_alter_user_username_opts','2023-07-03 20:43:18.714753');
INSERT INTO django_migrations VALUES(10,'auth','0005_alter_user_last_login_null','2023-07-03 20:43:18.725755');
INSERT INTO django_migrations VALUES(11,'auth','0006_require_contenttypes_0002','2023-07-03 20:43:18.731753');
INSERT INTO django_migrations VALUES(12,'auth','0007_alter_validators_add_error_messages','2023-07-03 20:43:18.740753');
INSERT INTO django_migrations VALUES(13,'auth','0008_alter_user_username_max_length','2023-07-03 20:43:18.751753');
INSERT INTO django_migrations VALUES(14,'auth','0009_alter_user_last_name_max_length','2023-07-03 20:43:18.762753');
INSERT INTO django_migrations VALUES(15,'auth','0010_alter_group_name_max_length','2023-07-03 20:43:18.772754');
INSERT INTO django_migrations VALUES(16,'auth','0011_update_proxy_permissions','2023-07-03 20:43:18.782753');
INSERT INTO django_migrations VALUES(17,'auth','0012_alter_user_first_name_max_length','2023-07-03 20:43:18.793753');
INSERT INTO django_migrations VALUES(18,'sessions','0001_initial','2023-07-03 20:43:18.804753');
INSERT INTO django_migrations VALUES(19,'breed','0001_initial','2023-07-03 20:45:47.617707');
CREATE TABLE IF NOT EXISTS "auth_group_permissions" ("id" integer NOT NULL PRIMARY KEY AUTOINCREMENT, "group_id" integer NOT NULL REFERENCES "auth_group" ("id") DEFERRABLE INITIALLY DEFERRED, "permission_id" integer NOT NULL REFERENCES "auth_permission" ("id") DEFERRABLE INITIALLY DEFERRED);
CREATE TABLE IF NOT EXISTS "auth_user_groups" ("id" integer NOT NULL PRIMARY KEY AUTOINCREMENT, "user_id" integer NOT NULL REFERENCES "auth_user" ("id") DEFERRABLE INITIALLY DEFERRED, "group_id" integer NOT NULL REFERENCES "auth_group" ("id") DEFERRABLE INITIALLY DEFERRED);
CREATE TABLE IF NOT EXISTS "auth_user_user_permissions" ("id" integer NOT NULL PRIMARY KEY AUTOINCREMENT, "user_id" integer NOT NULL REFERENCES "auth_user" ("id") DEFERRABLE INITIALLY DEFERRED, "permission_id" integer NOT NULL REFERENCES "auth_permission" ("id") DEFERRABLE INITIALLY DEFERRED);
CREATE TABLE IF NOT EXISTS "django_admin_log" ("id" integer NOT NULL PRIMARY KEY AUTOINCREMENT, "object_id" text NULL, "object_repr" varchar(200) NOT NULL, "action_flag" smallint unsigned NOT NULL CHECK ("action_flag" >= 0), "change_message" text NOT NULL, "content_type_id" integer NULL REFERENCES "django_content_type" ("id") DEFERRABLE INITIALLY DEFERRED, "user_id" integer NOT NULL REFERENCES "auth_user" ("id") DEFERRABLE INITIALLY DEFERRED, "action_time" datetime NOT NULL);
CREATE TABLE IF NOT EXISTS "django_content_type" ("id" integer NOT NULL PRIMARY KEY AUTOINCREMENT, "app_label" varchar(100) NOT NULL, "model" varchar(100) NOT NULL);
INSERT INTO django_content_type VALUES(1,'admin','logentry');
INSERT INTO django_content_type VALUES(2,'auth','permission');
INSERT INTO django_content_type VALUES(3,'auth','group');
INSERT INTO django_content_type VALUES(4,'auth','user');
INSERT INTO django_content_type VALUES(5,'contenttypes','contenttype');
INSERT INTO django_content_type VALUES(6,'sessions','session');
INSERT INTO django_content_type VALUES(7,'breed','breed');
CREATE TABLE IF NOT EXISTS "auth_permission" ("id" integer NOT NULL PRIMARY KEY AUTOINCREMENT, "content_type_id" integer NOT NULL REFERENCES "django_content_type" ("id") DEFERRABLE INITIALLY DEFERRED, "codename" varchar(100) NOT NULL, "name" varchar(255) NOT NULL);
INSERT INTO auth_permission VALUES(1,1,'add_logentry','Can add log entry');
INSERT INTO auth_permission VALUES(2,1,'change_logentry','Can change log entry');
INSERT INTO auth_permission VALUES(3,1,'delete_logentry','Can delete log entry');
INSERT INTO auth_permission VALUES(4,1,'view_logentry','Can view log entry');
INSERT INTO auth_permission VALUES(5,2,'add_permission','Can add permission');
INSERT INTO auth_permission VALUES(6,2,'change_permission','Can change permission');
INSERT INTO auth_permission VALUES(7,2,'delete_permission','Can delete permission');
INSERT INTO auth_permission VALUES(8,2,'view_permission','Can view permission');
INSERT INTO auth_permission VALUES(9,3,'add_group','Can add group');
INSERT INTO auth_permission VALUES(10,3,'change_group','Can change group');
INSERT INTO auth_permission VALUES(11,3,'delete_group','Can delete group');
INSERT INTO auth_permission VALUES(12,3,'view_group','Can view group');
INSERT INTO auth_permission VALUES(13,4,'add_user','Can add user');
INSERT INTO auth_permission VALUES(14,4,'change_user','Can change user');
INSERT INTO auth_permission VALUES(15,4,'delete_user','Can delete user');
INSERT INTO auth_permission VALUES(16,4,'view_user','Can view user');
INSERT INTO auth_permission VALUES(17,5,'add_contenttype','Can add content type');
INSERT INTO auth_permission VALUES(18,5,'change_contenttype','Can change content type');
INSERT INTO auth_permission VALUES(19,5,'delete_contenttype','Can delete content type');
INSERT INTO auth_permission VALUES(20,5,'view_contenttype','Can view content type');
INSERT INTO auth_permission VALUES(21,6,'add_session','Can add session');
INSERT INTO auth_permission VALUES(22,6,'change_session','Can change session');
INSERT INTO auth_permission VALUES(23,6,'delete_session','Can delete session');
INSERT INTO auth_permission VALUES(24,6,'view_session','Can view session');
INSERT INTO auth_permission VALUES(25,7,'add_breed','Can add breed');
INSERT INTO auth_permission VALUES(26,7,'change_breed','Can change breed');
INSERT INTO auth_permission VALUES(27,7,'delete_breed','Can delete breed');
INSERT INTO auth_permission VALUES(28,7,'view_breed','Can view breed');
CREATE TABLE IF NOT EXISTS "auth_group" ("id" integer NOT NULL PRIMARY KEY AUTOINCREMENT, "name" varchar(150) NOT NULL UNIQUE);
CREATE TABLE IF NOT EXISTS "auth_user" ("id" integer NOT NULL PRIMARY KEY AUTOINCREMENT, "password" varchar(128) NOT NULL, "last_login" datetime NULL, "is_superuser" bool NOT NULL, "username" varchar(150) NOT NULL UNIQUE, "last_name" varchar(150) NOT NULL, "email" varchar(254) NOT NULL, "is_staff" bool NOT NULL, "is_active" bool NOT NULL, "date_joined" datetime NOT NULL, "first_name" varchar(150) NOT NULL);
CREATE TABLE IF NOT EXISTS "django_session" ("session_key" varchar(40) NOT NULL PRIMARY KEY, "session_data" text NOT NULL, "expire_date" datetime NOT NULL);
CREATE TABLE IF NOT EXISTS "breed_breed" (
    "id" integer NOT NULL PRIMARY KEY AUTOINCREMENT, 
    "group" integer NOT NULL,
    "name_ru" text NOT NULL, 
    "name_en" text NOT NULL, 
    "country_ru" text NOT NULL, 
    "country_en" text NOT NULL, 
    "bid" integer NOT NULL, 
    "size" text NOT NULL
);
INSERT INTO breed_breed VALUES(1,1,'АВСТРАЛИЙСКАЯ КОРОТКОХВОСТАЯ ПАСТУШЬЯ СОБАКА','AUSTRALIAN STUMPY TAIL CATTLE DOG','Австралия','Australia',351,'с');
INSERT INTO breed_breed VALUES(2,1,'АВСТРАЛИЙСКАЯ ОВЧАРКА','AUSTRALIAN SHEPHERD','Австралия','Australia',342,'с');
INSERT INTO breed_breed VALUES(3,1,'АВСТРАЛИЙСКИЙ КЕЛПИ','AUSTRALIAN KELPIE (293) С','Австралия','Australia',293,'с');
INSERT INTO breed_breed VALUES(4,1,'АВСТРАЛИЙСКИЙ ХИЛЕР','AUSTRALIAN CATTLE DOG','Австралия','Australia',287,'с');
INSERT INTO breed_breed VALUES(5,1,'АРДЕННСКИЙ БУВЬЕ','BOUVIER DES ARDENNES','Бельгия','Belgium',171,'к');
INSERT INTO breed_breed VALUES(6,1,'БЕЛАЯ ШВЕЙЦАРСКАЯ ОВЧАРКА','WHITE SWISS SHEPHERD DOG','Швейцария','Switzerland',347,'к');
INSERT INTO breed_breed VALUES(7,1,'БЕЛЬГИЙСКАЯ ОВЧАРКА ГРЮНЕНДАЛЬ','BELGIAN SHEPHERD DOG GROENENDAEL','Бельгия','Belgium',15,'к');
INSERT INTO breed_breed VALUES(8,1,'БЕЛЬГИЙСКАЯ ОВЧАРКА ЛАКЕНУА','BELGIAN SHEPHERD DOG LAEKENOIS','Бельгия','Belgium',15,'к');
INSERT INTO breed_breed VALUES(9,1,'БЕЛЬГИЙСКАЯ ОВЧАРКА МАЛИНУА','BELGIAN SHEPHERD DOG MALINOIS','Бельгия','Belgium',15,'к');
INSERT INTO breed_breed VALUES(10,1,'БЕЛЬГИЙСКАЯ ОВЧАРКА ТЕРВЮРЕН','BELGIAN SHEPHERD DOG TERVUEREN','Бельгия','Belgium',15,'к');
INSERT INTO breed_breed VALUES(11,1,'БЕРГАМСКАЯ ОВЧАРКА','BERGAMASCO SHEPHERD DOG','Италия','Italy',194,'с');
INSERT INTO breed_breed VALUES(12,1,'БОГЕМСКАЯ ОВЧАРКА','BOHEMIAN SHEPHERD DOG (364) С','Чехия','Czech republic',364,'с');
INSERT INTO breed_breed VALUES(13,1,'БОРДЕР КОЛЛИ','BORDER COLLIE','Великобритания','Great Britain',297,'с');
INSERT INTO breed_breed VALUES(14,1,'БОРОДАТЫЙ КОЛЛИ','BEARDED COLLIE','Великобритания','Great Britain',271,'с');
INSERT INTO breed_breed VALUES(15,1,'БОСЕРОН','BEAUCE SHEEP DOG','Франция','France',44,'к');
INSERT INTO breed_breed VALUES(16,1,'БРИАР','BRIARD','Франция','France',113,'к');
INSERT INTO breed_breed VALUES(17,1,'ВЕЛЬШ КОРГИ КАРДИГАН','WELSH CORGI CARDIGAN','Великобритания','Great Britain',38,'с');
INSERT INTO breed_breed VALUES(18,1,'ВЕЛЬШ КОРГИ ПЕМБРОК','WELSH CORGI PEMBROKE','Великобритания','Great Britain',39,'с');
INSERT INTO breed_breed VALUES(19,1,'ВОЛЧЬЯ СОБАКА СААРЛОСА','SAARLOOSWOLFHOND','Нидерланды','Netherlands',311,'к');
INSERT INTO breed_breed VALUES(20,1,'ВОСТОЧНОЕВРОПЕЙСКАЯ ОВЧАРКА','VOSTOCHNOEVROPEISKAYA OVCHARKA (EAST EUROPEAN SHEPHERD DOG)','Россия','Russia',0,'к');
INSERT INTO breed_breed VALUES(21,1,'ГОЛЛАНДСКАЯ ОВЧАРКА','DUTCH SHEPHERD DOG','Нидерланды','Netherlands',223,'к');
INSERT INTO breed_breed VALUES(22,1,'ГОЛЛАНДСКИЙ СХАПЕНДУС','DUTCH SCHAPENDOES','Нидерланды','Netherlands',313,'с');
INSERT INTO breed_breed VALUES(23,1,'КАТАЛОНСКАЯ ОВЧАРКА','CATALONIAN SHEEPDOG','Испания','Spain',87,'с');
INSERT INTO breed_breed VALUES(24,1,'КОЛЛИ Д-Ш','COLLIE ROUGH','Великобритания','Great Britain',156,'с');
INSERT INTO breed_breed VALUES(25,1,'КОЛЛИ К-Ш','COLLIE SMOOTH','Великобритания','Great Britain',296,'с');
INSERT INTO breed_breed VALUES(26,1,'КОМОНДОР','KOMONDOR','Венгрия','Hungary',53,'к');
INSERT INTO breed_breed VALUES(27,1,'КУВАС','KUVASZ','Венгрия','Hungary',54,'к');
INSERT INTO breed_breed VALUES(28,1,'ЛАНКАШИРСКИЙ ХИЛЕР','LANCASHIRE HEELER','Великобритания','Great Britain',360,'м');
INSERT INTO breed_breed VALUES(29,1,'МАЙОРКСКАЯ ОВЧАРКА Д-Ш','MAJORCA SHEPHERD DOG LONG-HAIRED','Испания','Spain',321,'с');
INSERT INTO breed_breed VALUES(30,1,'МАЙОРКСКАЯ ОВЧАРКА К-Ш','MAJORCA SHEPHERD DOG SHORT-HAIRED','Испания','Spain',321,'с');
INSERT INTO breed_breed VALUES(31,1,'МАРЕММО-АБРУЦКАЯ ОВЧАРКА','MAREMMA AND THE ABRUZZES SHEEPDOG','Италия','Italy',201,'к');
INSERT INTO breed_breed VALUES(32,1,'МИНИАТЮРНАЯ АМЕРИКАНСКАЯ ОВЧАРКА','MINIATURE AMERICAN SHEPHERD','США','USA',367,'с');
INSERT INTO breed_breed VALUES(33,1,'МУДИ','MUDI','Венгрия','Hungary',238,'с');
INSERT INTO breed_breed VALUES(34,1,'НЕМЕЦКАЯ ОВЧАРКА','GERMAN SHEPHERD DOG','Германия','Germany',166,'к');
INSERT INTO breed_breed VALUES(35,1,'НЕМЕЦКАЯ ОВЧАРКА Д-Ш','GERMAN SHEPHERD DOG LONG HAIRED','Германия','Germany',166,'к');
INSERT INTO breed_breed VALUES(36,1,'ПИКАРДИЙСКАЯ ОВЧАРКА','PICARDY SHEEPDOG','Франция','France',176,'с');
INSERT INTO breed_breed VALUES(37,1,'ПИРИНЕЙСКАЯ ОВЧАРКА Д-Ш','PYRENEAN SHEEPDOG LONG-HAIRED','Франция','France',141,'к');
INSERT INTO breed_breed VALUES(38,1,'ПИРИНЕЙСКАЯ ОВЧАРКА К-Ш','PYRENEAN SHEEPDOG – SMOOTH FACED','Франция','France',138,'к');
INSERT INTO breed_breed VALUES(39,1,'ПОЛЬСКАЯ НИЗИННАЯ ОВЧАРКА','POLISH LOWLAND SHEEPDOG','Польша','Poland',251,'с');
INSERT INTO breed_breed VALUES(40,1,'ПОЛЬСКАЯ ПОДГАЛЯНСКАЯ ОВЧАРКА','TATRA SHEPHERD DOG','Польша','Poland',252,'к');
INSERT INTO breed_breed VALUES(41,1,'ПОРТУГАЛЬСКАЯ ОВЧАРКА','PORTUGUESE SHEEPDOG','Португалия','Portugal',93,'с');
INSERT INTO breed_breed VALUES(42,1,'ПУЛИ','PULI','Венгрия','Hungary',55,'с');
INSERT INTO breed_breed VALUES(43,1,'ПУМИ','PUMI','Венгрия','Hungary',56,'с');
INSERT INTO breed_breed VALUES(44,1,'РУМЫНСКАЯ КАРПАТСКАЯ ОВЧАРКА','ROMANIAN CARPATHIAN SHEPHERD DOG','Румыния','Romania',350,'к');
INSERT INTO breed_breed VALUES(45,1,'РУМЫНСКАЯ МИОРИТСКАЯ ОВЧАРКА','ROMANIAN MIORITIC SHEPHERD DOG','Румыния','Romania',349,'к');
INSERT INTO breed_breed VALUES(46,1,'СЛОВАЦКИЙ ЧУВАЧ','SLOVAKIAN CHUVACH','Словакия','Slovakia',142,'к');
INSERT INTO breed_breed VALUES(47,1,'СТАРОАНГЛИЙСКАЯ ОВЧАРКА','OLD ENGLISH SHEEPDOG','Великобритания','Great Britain',16,'к');
INSERT INTO breed_breed VALUES(48,1,'СХИППЕРКЕ','SCHIPPERKE','Бельгия','Belgium',83,'м');
INSERT INTO breed_breed VALUES(49,1,'ФЛАНДРСКИЙ БУВЬЕ','BOUVIER DES FLANDRES','Бельгия','Belgium',191,'к');
INSERT INTO breed_breed VALUES(50,1,'ХОРВАТСКАЯ ОВЧАРКА','CROATIAN SHEPHERD DOG','Хорватия','Croatia',277,'с');
INSERT INTO breed_breed VALUES(51,1,'ЧЕХОСЛАВАЦКАЯ ВОЛЧЬЯ СОБАКА','CESKOSLOVENSKY VLCAK','Словакия','Slovakia',332,'к');
INSERT INTO breed_breed VALUES(52,1,'ШЕЛТИ','SHETLAND SHEEPDOG','Великобритания','Great Britain',88,'м');
INSERT INTO breed_breed VALUES(53,1,'ЮЖНОРУССКАЯ ОВЧАРКА','YUZHNORUSSKAYA OVCHARKA (SOUTH RUSSIAN SHEEPHERD DOG)','Россия','Russia',326,'к');
INSERT INTO breed_breed VALUES(54,2,'АВСТРИЙСКИЙ ПИНЧЕР','AUSTRIAN PINSCHER','Австрия','Austria',64,'с');
INSERT INTO breed_breed VALUES(55,2,'АМЕРИКАНСКИЙ БУЛЛИ','AMERICAN BULLY','США','USA',0,'с');
INSERT INTO breed_breed VALUES(56,2,'АМЕРИКАНСКИЙ БУЛЬДОГ','AMERICAN BULLDOG','США','USA',0,'к');
INSERT INTO breed_breed VALUES(57,2,'АППЕНЦЕЛЛЕР ЗЕННЕНХУНД','APPENZELL CATTLE DOG','Швейцария','Switzerland',46,'с');
INSERT INTO breed_breed VALUES(58,2,'АРГЕНТИНСКИЙ ДОГ','DOGO ARGENTINO','Аргентина','Argentina',292,'к');
INSERT INTO breed_breed VALUES(59,2,'АТЛАССКАЯ ГОРНАЯ СОБАКА (АИДИ)','ATLAS MOUNTAIN DOG (AIDI)','Марокко','Morocco',247,'к');
INSERT INTO breed_breed VALUES(60,2,'АФФЕНПИНЧЕР','AFFENPINSCHER','Германия','Germany',186,'м');
INSERT INTO breed_breed VALUES(61,2,'БЕРНСКИЙ ЗЕННЕНХУНД','BERNESE MOUNTAIN DOG','Швейцария','Switzerland',45,'к');
INSERT INTO breed_breed VALUES(62,2,'БОЛЬШОЙ ШВЕЙЦАРСКИЙ ЗЕННЕНХУНД','GREAT SWISS MOUNTAIN DOG','Швейцария','Switzerland',58,'к');
INSERT INTO breed_breed VALUES(63,2,'БОРДОСКИЙ ДОГ','DOGUE DE BORDEAUX','Франция','France',116,'к');
INSERT INTO breed_breed VALUES(64,2,'БРАЗИЛЬСКИЙ ФИЛА','FILA BRASILEIRO','Бразилия','Brazil',225,'к');
INSERT INTO breed_breed VALUES(65,2,'БРОХОЛЬМЕР','BROHOLMER','Дания','Denmark',315,'к');
INSERT INTO breed_breed VALUES(66,2,'БУЛЬДОГ','BULLDOG','Великобритания','Great Britain',149,'с');
INSERT INTO breed_breed VALUES(67,2,'БУЛЬМАСТИФ','BULLMASTIFF','Великобритания','Great Britain',157,'к');
INSERT INTO breed_breed VALUES(68,2,'ГОЛЛАНДСКАЯ К-Ш СОБАКА','DUTCH SMOUSHOND','Нидерланды','Netherlands',308,'к');
INSERT INTO breed_breed VALUES(69,2,'ДАТСКО-ШВЕДСКАЯ ФЕРМЕРСКАЯ СОБАКА','DANISH-SWEDISH FARMDOG','Дания','Denmark',356,'с');
INSERT INTO breed_breed VALUES(70,2,'ДОБЕРМАН','DOBERMANN','Германия','Germany',143,'к');
INSERT INTO breed_breed VALUES(71,2,'ИСПАНСКИЙ МАСТИФ','SPANISH MASTIFF','Испания','Spain',91,'г');
INSERT INTO breed_breed VALUES(72,2,'ИТАЛЬЯНСКИЙ КАНЕ КОРСО','ITALIAN CANE CORSO','Италия','Italy',343,'к');
INSERT INTO breed_breed VALUES(73,2,'КАВКАЗСКАЯ ОВЧАРКА','KAVKAZSKAYA OVCHARKA (CAUCASIAN SHEPHERD DOG)','Россия','Russia',328,'к');
INSERT INTO breed_breed VALUES(74,2,'КАНГАЛЬСКАЯ ОВЧАРКА','KANGAL SHEPHERD DOG','Турция','Turkey',331,'к');
INSERT INTO breed_breed VALUES(75,2,'КАРСТСКАЯ ОВЧАРКА','KARST SHEPHERD DOG','Словения','Slovenia',278,'к');
INSERT INTO breed_breed VALUES(76,2,'КАСТРО ЛАБОРЕЙРО','CASTRO LABOREIRO DOG','Португалия','Portugal',170,'к');
INSERT INTO breed_breed VALUES(77,2,'КОНТИНЕНТАЛЬНЫЙ БУЛЬДОГ','CONTINENTAL BULLDOG','Швейцария','Switzerland',0,'к');
INSERT INTO breed_breed VALUES(78,2,'ЛАНДСИР','LANDSEER','Германия','Germany',226,'к');
INSERT INTO breed_breed VALUES(79,2,'ЛЕОНБЕРГЕР','LEONBERGER','Германия','Germany',145,'г');
INSERT INTO breed_breed VALUES(80,2,'МАЙОРКСКИЙ МАСТИФ','MAJORCA MASTIFF','Испания','Spain',249,'к');
INSERT INTO breed_breed VALUES(81,2,'МАСТИФ','MASTIFF','Великобритания','Great Britain',264,'г');
INSERT INTO breed_breed VALUES(82,2,'МОСКОВСКАЯ СТОРОЖЕВАЯ','MOSKOVSKAYA STOROZHEVAYA (MOSCOW WATCH DOG)','Россия','Russia',0,'к');
INSERT INTO breed_breed VALUES(83,2,'НЕАПОЛИТАНСКИЙ МАСТИФ','NEAPOLITAN MASTIFF','Италия','Italy',197,'к');
INSERT INTO breed_breed VALUES(84,2,'НЕМЕЦКИЙ БОКСЕР','BOXER','Германия','Germany',144,'к');
INSERT INTO breed_breed VALUES(85,2,'НЕМЕЦКИЙ ДОГ','GREAT DANE','Германия','Germany',235,'г');
INSERT INTO breed_breed VALUES(86,2,'НЕМЕЦКИЙ ПИНЧЕР','GERMAN PINSCHER','Германия','Germany',184,'с');
INSERT INTO breed_breed VALUES(87,2,'НЬЮФАУНДЛЕНД','NEWFOUNDLAND','Канада','Canada',50,'к');
INSERT INTO breed_breed VALUES(88,2,'ПИРЕНЕЙСКАЯ ГОРНАЯ СОБАКА','PYRENEAN MOUNTAIN DOG','Франция','France',137,'к');
INSERT INTO breed_breed VALUES(89,2,'ПИРИНЕЙСКИЙ МАСТИФ','PYRENEAN MASTIFF','Испания','Spain',92,'г');
INSERT INTO breed_breed VALUES(90,2,'ПРЕСА КАНАРИО','PRESA CANARIO','Испания','Spain',346,'к');
INSERT INTO breed_breed VALUES(91,2,'РАФЕЙРО ДО АЛЕНТЕЙЖО','RAFEIRO OF ALENTEJO','Португалия','Portugal',96,'к');
INSERT INTO breed_breed VALUES(92,2,'РИЗЕНШНАУЦЕР','GIANT SCHNAUZER','Германия','Germany',181,'к');
INSERT INTO breed_breed VALUES(93,2,'РОТВЕЙЛЕР','ROTTWEILER','Германия','Germany',147,'к');
INSERT INTO breed_breed VALUES(94,2,'РУМЫНСКАЯ БУКОВИНСКАЯ ОВЧАРКА','ROMANIAN BUCOVINA SHEPHERD','Румыния','Romania',357,'к');
INSERT INTO breed_breed VALUES(95,2,'РУССКИЙ ЧЕРНЫЙ ТЕРЬЕР','RUSSKIY СHIORNY TERRIER (RUSSIAN BLACK TERRIER)','Россия','Russia',327,'к');
INSERT INTO breed_breed VALUES(96,2,'САН-МИГЕЛЬСКАЯ ПАСТУШЬЯ СОБАКА','SAINT MIGUEL CATTLE DOG','Португалия','Portugal',340,'к');
INSERT INTO breed_breed VALUES(97,2,'СЕНБЕРНАР Д-Ш','ST. BERNARD LONG HAIRED','Швейцария','Switzerland',61,'г');
INSERT INTO breed_breed VALUES(98,2,'СЕНБЕРНАР К-Ш','ST. BERNARD SHORT HAIRED','Швейцария','Switzerland',61,'г');
INSERT INTO breed_breed VALUES(99,2,'СРЕДНЕАЗИАТСКАЯ ОВЧАРКА','SREDNEASIATSKAYA OVCHARKA (CENTRAL ASIA SHEPHERD DOG)','Россия','Russia',335,'к');
INSERT INTO breed_breed VALUES(100,2,'ТИБЕТСКИЙ МАСТИФ','TIBETAN MASTIFF (DO-KHYI)','Тибет','Tibet',230,'к');
INSERT INTO breed_breed VALUES(101,2,'ТОРНЯК','TORNJAK','Босния и Герцеговина, Хорватия','Bosnia and Herzegovina, Croatia',355,'к');
INSERT INTO breed_breed VALUES(102,2,'ТОСА','TOSA','Япония','Japan',260,'к');
INSERT INTO breed_breed VALUES(103,2,'УРУГВАЙСКИЙ СИМАРРОН','CIMARRÓN URUGUAYO','Уругвай','Uruguay',353,'к');
INSERT INTO breed_breed VALUES(104,2,'ХОВАВАРТ','HOVAWART','Германия','Germany',190,'к');
INSERT INTO breed_breed VALUES(105,2,'ХОТОШО (БУРЯТСКАЯ СОБАКА)','HOTOSHO (BURYATIAN DOG)','Россия','Russia',0,'к');
INSERT INTO breed_breed VALUES(106,2,'ЦВЕРГПИНЧЕР','MINIATURE PINSCHER','Германия','Germany',185,'м');
INSERT INTO breed_breed VALUES(107,2,'ЦВЕРГШНАУЦЕР','MINIATURE SCHNAUZER','Германия','Germany',183,'м');
INSERT INTO breed_breed VALUES(108,2,'ЧУНЦИН','CHONGQING DOG','Китай','China',0,'с');
INSERT INTO breed_breed VALUES(109,2,'ШАР ПЕЙ','SHAR PEI','Китай','China',309,'с');
INSERT INTO breed_breed VALUES(110,2,'ШНАУЦЕР','SCHNAUZER','Германия','Germany',182,'с');
INSERT INTO breed_breed VALUES(111,2,'ЭНТЛЕБУХЕР ЗЕННЕНХУНД','ENTLEBUCH CATTLE DOG','Швейцария','Switzerland',47,'с');
INSERT INTO breed_breed VALUES(112,2,'ЭШТРЕЛЬСКАЯ ГОРНАЯ СОБАКА Д-Ш','ESTRELA MOUNTAIN DOG LONG-HAIRED','Португалия','Portugal',173,'к');
INSERT INTO breed_breed VALUES(113,2,'ЭШТРЕЛЬСКАЯ ГОРНАЯ СОБАКА К-Ш','ESTRELA MOUNTAIN DOG SHORT-HAIRED','Португалия','Portugal',173,'к');
INSERT INTO breed_breed VALUES(114,2,'ЮГОСЛАВСКАЯ ОВЧАРКА ШАРПЛАНИНА','YUGOSLAVIAN SHEPHERD DOG SHARPLANINA','Сербия, Македония','Serbia, Macedonia',41,'к');
INSERT INTO breed_breed VALUES(115,2,'ЮЖНОАФРИКАНСКИЙ БУРБУЛЬ','SOUTH AFRICAN BOERBOEL','ЮАР','RSA',0,'к');
INSERT INTO breed_breed VALUES(116,3,'АВСТРАЛИЙСКИЙ ТЕРЬЕР','AUSRTRALIAN TERRIER','Австралия','Australia',8,'м');
INSERT INTO breed_breed VALUES(117,3,'АВСТРАЛИЙСКИЙ ШЕЛКОВИСТЫЙ ТЕРЬЕР','AUSRTRALIAN SILKY TERRIER','Австралия','Australia',236,'м');
INSERT INTO breed_breed VALUES(118,3,'АМЕРИКАНСКИЙ ГОЛЫЙ ТЕРЬЕР','AMERICAN HAIRLESS TERRIER','США','USA',0,'с');
INSERT INTO breed_breed VALUES(119,3,'АМЕРИКАНСКИЙ СТАФФОРДШИРСКИЙ ТЕРЬЕР','AMERICAN STAFFORDSHIRE TERRIER','США','USA',286,'с');
INSERT INTO breed_breed VALUES(120,3,'АНГЛИЙСКИЙ ТОЙ ТЕРЬЕР','ENGLISH TOY TERRIER (BLACK & TAN)','Великобритания','Great Britain',13,'м');
INSERT INTO breed_breed VALUES(121,3,'БЕДЛИНГТОН ТЕРЬЕР','BEDLINGTON TERRIER','Великобритания','Great Britain',9,'с');
INSERT INTO breed_breed VALUES(122,3,'БОРДЕР ТЕРЬЕР','BORDER TERRIER','Великобритания','Great Britain',10,'с');
INSERT INTO breed_breed VALUES(123,3,'БРАЗИЛЬСКИЙ ТЕРЬЕР','TERRIER BRAZILIAN','Бразилия','Brazil',341,'с');
INSERT INTO breed_breed VALUES(124,3,'БУЛЬТЕРЬБЕР','BULL TERRIER','Великобритания','Great Britain',11,'к');
INSERT INTO breed_breed VALUES(125,3,'БУЛЬТЕРЬЕР МИНИАТЮРНЫЙ','MINIATURE BULL TERRIER','Великобритания','Great Britain',359,'с');
INSERT INTO breed_breed VALUES(126,3,'ВЕЛЬШ ТЕРЬЕР','WELSH TERRIER','Великобритания','Great Britain',78,'с');
INSERT INTO breed_breed VALUES(127,3,'ВЕСТ ХАЙЛЕНД УАЙТ ТЕРЬЕР','WEST HIGHLAND WHITE TERRIER','Великобритания','Great Britain',85,'с');
INSERT INTO breed_breed VALUES(128,3,'ДЕНДИ ДИНМОНТ ТЕРЬЕР','DANDIE DINMONT TERRIER','Великобритания','Great Britain',168,'с');
INSERT INTO breed_breed VALUES(129,3,'ДЖЕК РАССЕЛ ТЕРЬЕР','JACK RUSSELL TERRIER','Австралия','Australia',345,'м');
INSERT INTO breed_breed VALUES(130,3,'ИРЛАНДСКИЙ ГЛЕН ОФ ИМАЛ ТЕРЬЕР','IRISH GLEN OF IMAAL TERRIER','Ирландия','Ireland',302,'с');
INSERT INTO breed_breed VALUES(131,3,'ИРЛАНДСКИЙ МЯГКОШЕРСТНЫЙ ПШЕНИЧНЫЙ ТЕРЬЕР','IRISH SOFT COATED WHEATEN TERRIER','Ирландия','Ireland',40,'с');
INSERT INTO breed_breed VALUES(132,3,'ИРЛАНДСКИЙ ТЕРЬЕР','IRISH TERRIER','Ирландия','Ireland',139,'с');
INSERT INTO breed_breed VALUES(133,3,'ЙОРКШИРСКИЙ ТЕРЬЕР','YORKSHIRE TERRIER','Великобритания','Great Britain',86,'м');
INSERT INTO breed_breed VALUES(134,3,'КEРН ТЕРЬЕР','CAIRN TERRIER','Великобритания','Great Britain',4,'с');
INSERT INTO breed_breed VALUES(135,3,'КЕРРИ БЛЮ ТЕРЬЕР','KERRY BLUE TERRIER','Ирландия','Ireland',3,'с');
INSERT INTO breed_breed VALUES(136,3,'ЛЕЙКЛЕНД ТЕРЬЕР','LAKELAND TERRIER','Великобритания','Great Britain',70,'с');
INSERT INTO breed_breed VALUES(137,3,'МАНЧЕСТЕР ТЕРЬЕР','MANCHESTER TERRIER','Великобритания','Great Britain',71,'с');
INSERT INTO breed_breed VALUES(138,3,'НЕМЕЦКИЙ ОХОТНИЧИЙ ТЕРЬЕР (ЯГДТЕРЬЕР)','GERMAN HUNTING TERRIER','Германия','Germany',103,'с');
INSERT INTO breed_breed VALUES(139,3,'НОРВИЧ ТЕРЬЕР','NORWICH TERRIER','Великобритания','Great Britain',72,'м');
INSERT INTO breed_breed VALUES(140,3,'НОРФОЛК ТЕРЬЕР','NORFOLK TERRIER','Великобритания','Great Britain',272,'м');
INSERT INTO breed_breed VALUES(141,3,'ПАРСОН РАССЕЛ ТЕРЬЕР','PARSON RUSSELL TERRIER','Великобритания','Great Britain',339,'с');
INSERT INTO breed_breed VALUES(142,3,'СИЛИХЕМ ТЕРЬЕР','SEALYHAM TERRIER','Великобритания','Great Britain',74,'с');
INSERT INTO breed_breed VALUES(143,3,'СКАЙ ТЕРЬЕР','SKYE TERRIER','Великобритания','Great Britain',75,'с');
INSERT INTO breed_breed VALUES(144,3,'СКОТЧ ТЕРЬЕР','SCOTTISH TERRIER','Великобритания','Great Britain',73,'с');
INSERT INTO breed_breed VALUES(145,3,'СТАФФОРДШИРСКИЙ БУЛЬТЕРЬЕР','STAFFORDSHIRE BULL TERRIER','Великобритания','Great Britain',76,'с');
INSERT INTO breed_breed VALUES(146,3,'ФОКСТЕРЬЕР Г-Ш','FOX TERRIER (SMOOTH)','Великобритания','Great Britain',12,'с');
INSERT INTO breed_breed VALUES(147,3,'ФОКСТЕРЬЕР Ж-Ш','FOX TERRIER (WIRE)','Великобритания','Great Britain',169,'с');
INSERT INTO breed_breed VALUES(148,3,'ЧЕШСКИЙ ТЕРЬЕР','CZECH TERRIER','Чехия','Czech republic',246,'с');
INSERT INTO breed_breed VALUES(149,3,'ЭРДЕЛЬТЕРЬЕР','AIREDALE TERRIER','Великобритания','Great Britain',7,'к');
INSERT INTO breed_breed VALUES(150,3,'ЯПОНСКИЙ ТЕРЬЕР','JAPANESE TERRIER','Япония','Japan',259,'с');
INSERT INTO breed_breed VALUES(151,4,'ТАКСА КРОЛИЧЬЯ Г-Ш','DACHSHUND KANINCHEN SMOOTH-HAIRED','Германия','Germany',148,'м');
INSERT INTO breed_breed VALUES(152,4,'ТАКСА КРОЛИЧЬЯ Д-Ш','DACHSHUND KANINCHEN LONG HAIRED','Германия','Germany',148,'м');
INSERT INTO breed_breed VALUES(153,4,'ТАКСА КРОЛИЧЬЯ Ж-Ш','DACHSHUND KANINCHEN WIRE-HAIRED','Германия','Germany',148,'м');
INSERT INTO breed_breed VALUES(154,4,'ТАКСА МИНИАТЮРНАЯ Г-Ш','DACHSHUND MINIATURE SMOOTH-HAIRED','Германия','Germany',148,'м');
INSERT INTO breed_breed VALUES(155,4,'ТАКСА МИНИАТЮРНАЯ Д-Ш','DACHSHUND MINIATURE LONG-HAIRED','Германия','Germany',148,'м');
INSERT INTO breed_breed VALUES(156,4,'ТАКСА МИНИАТЮРНАЯ Ж-Ш','DACHSHUND MINIATURE WIRE-HAIRED','Германия','Germany',148,'м');
INSERT INTO breed_breed VALUES(157,4,'ТАКСА СТАНДАРТНАЯ Г-Ш','DACHSHUND STANDARD SMOOTH-HAIRED','Германия','Germany',148,'с');
INSERT INTO breed_breed VALUES(158,4,'ТАКСА СТАНДАРТНАЯ Д-Ш','DACHSHUND STANDARD LONG-HAIRED','Германия','Germany',148,'с');
INSERT INTO breed_breed VALUES(159,4,'ТАКСА СТАНДАРТНАЯ Ж-Ш','DACHSHUND STANDARD WIRE-HAIRED','Германия','Germany',148,'с');
INSERT INTO breed_breed VALUES(160,5,'АКИТА','AKITA','Япония','Japan',255,'к');
INSERT INTO breed_breed VALUES(161,5,'АЛЯСКИНСКИЙ МАЛАМУТ','ALASKAN MALAMUTE','США','USA',243,'к');
INSERT INTO breed_breed VALUES(162,5,'АМЕРИКАНСКАЯ АКИТА','AMERICAN AKITA','США','USA',344,'к');
INSERT INTO breed_breed VALUES(163,5,'БАСЕНДЖИ','BASENJI','Великобритания','Great Britain',43,'с');
INSERT INTO breed_breed VALUES(164,5,'ВОСТОЧНОСИБИРСКАЯ ЛАЙКА','VOSTOCHNOSIBIRSKAYA LAIKA (EAST-SIBERIAN LAIKA)','Россия','Russia',305,'с');
INSERT INTO breed_breed VALUES(165,5,'ГРЕНЛАНДСКАЯ СОБАКА','GREENLAND DOG','Гренландия','Greenland',274,'к');
INSERT INTO breed_breed VALUES(166,5,'ЕВРАЗИЕР','EURASIER','Германия','Germany',291,'с');
INSERT INTO breed_breed VALUES(167,5,'ЗАПАДНОСИБИРСКАЯ ЛАЙКА','ZAPADNOSIBIRSKAYA LAIKA (WEST-SIBERIAN LAIKA)','Россия','Russia',306,'с');
INSERT INTO breed_breed VALUES(168,5,'ИСЛАНДСКАЯ ОВЧАРКА','ICELANDIC SHEEPDOG','Исландия','Iceland',289,'с');
INSERT INTO breed_breed VALUES(169,5,'ИТАЛЬЯНСКИЙ ВОЛЬПИНО','ITALIAN VOLPINO','Италия','Italy',195,'м');
INSERT INTO breed_breed VALUES(170,5,'КАИ','KAI','Италия','Italy',317,'с');
INSERT INTO breed_breed VALUES(171,5,'КАНАДСКАЯ ЭСКИМОССКАЯ СОБАКА','CANADIAN ESKIMO DOG','Канада','Canada',211,'к');
INSERT INTO breed_breed VALUES(172,5,'КАРЕЛЬСКАЯ ЛАЙКА','KARELSKAYA LAIKA (KARELIAN LAIKA)','Финляндия, Россия','Finland, Russia',0,'с');
INSERT INTO breed_breed VALUES(173,5,'КАРЕЛЬСКАЯ МЕДВЕЖЬЯ СОБАКА','KARELIAN BEAR DOG','Финляндия','Finland',48,'с');
INSERT INTO breed_breed VALUES(174,5,'КИНТАМАНИ БАЛИ ДОГ','KINTAMANI-BALI DOG','Индонезия','Indonesia',362,'с');
INSERT INTO breed_breed VALUES(175,5,'КИСЮ','KISHU','Япония','Japan',318,'с');
INSERT INTO breed_breed VALUES(176,5,'КОРЕЙСКАЯ СОБАКА ЧИНДО','KOREA JINDO DOG','Корея','Korea',334,'с');
INSERT INTO breed_breed VALUES(177,5,'КСОЛОИТЦКУИНТЛИ (миниатюрный)','XOLOITZCUINTLE (Miniature)','Мексика','Mexico',234,'м');
INSERT INTO breed_breed VALUES(178,5,'КСОЛОИТЦКУИНТЛИ (средний)','XOLOITZCUINTLE (Intermediate)','Мексика','Mexico',234,'с');
INSERT INTO breed_breed VALUES(179,5,'КСОЛОИТЦКУИНТЛИ (стандартный)','XOLOITZCUINTLE (Standard)','Мексика','Mexico',234,'к');
INSERT INTO breed_breed VALUES(180,5,'ЛАПЛАНДСКАЯ ОЛЕНЕГОННАЯ СОБАКА','LAPPONIAN HERDER','Финляндия','Finland',284,'с');
INSERT INTO breed_breed VALUES(181,5,'НЕМЕЦКИЙ ВОЛЬФШПИЦ (КЕЕСХОНД)','GERMAN WOLFSPITZ (KEESHOUND)','Германия','Germany',97,'с');
INSERT INTO breed_breed VALUES(182,5,'НЕМЕЦКИЙ ШПИЦ БОЛЬШОЙ','GERMAN SPITZ GIANT','Германия','Germany',97,'с');
INSERT INTO breed_breed VALUES(183,5,'НЕМЕЦКИЙ ШПИЦ МАЛЫЙ','GERMAN SPITZ MINIATURE','Германия','Germany',97,'м');
INSERT INTO breed_breed VALUES(184,5,'НЕМЕЦКИЙ ШПИЦ СРЕДНИЙ','GERMAN SPITZ MEDIUM','Германия','Germany',97,'м');
INSERT INTO breed_breed VALUES(185,5,'НЕМЕЦКИЙ ШПИЦ ТОЙ (ПОМЕРАНСКИЙ)','GERMAN TOY SPITZ (POMERANIAN)','Германия','Germany',97,'м');
INSERT INTO breed_breed VALUES(186,5,'НОРБОТТЕНШПИЦ','NORRBOTTENSPITZ','Германия','Germany',276,'с');
INSERT INTO breed_breed VALUES(187,5,'НОРВЕЖСКИЙ БУХУНД','NORWEGIAN BUHUND','Германия','Germany',237,'с');
INSERT INTO breed_breed VALUES(188,5,'НОРВЕЖСКИЙ ЛУНДЕХУНД','NORWEGIAN LUNDEHUND','Германия','Germany',265,'с');
INSERT INTO breed_breed VALUES(189,5,'НОРВЕЖСКИЙ ЭЛЬКХУНД СЕРЫЙ','NORWEGIAN ELKHOUND GREY','Германия','Germany',242,'с');
INSERT INTO breed_breed VALUES(190,5,'НОРВЕЖСКИЙ ЭЛЬКХУНД ЧЕРНЫЙ','NORWEGIAN ELKHOUND BLACK','Норвегия','Norway',268,'с');
INSERT INTO breed_breed VALUES(191,5,'ОЛЕНЕГОННЫЙ ШПИЦ','OLENNEGONNY SPITZ (REINDEER HERDING SPITZ)','Россия','Russia',0,'с');
INSERT INTO breed_breed VALUES(192,5,'ПЕРУАНСКАЯ ГОЛАЯ СОБАКА (большая)','PERUVIAN HAIRLESS DOG (Large)','Перу','Peru',310,'к');
INSERT INTO breed_breed VALUES(193,5,'ПЕРУАНСКАЯ ГОЛАЯ СОБАКА (малая)','PERUVIAN HAIRLESS DOG (Small)','Перу','Peru',310,'м');
INSERT INTO breed_breed VALUES(194,5,'ПЕРУАНСКАЯ ГОЛАЯ СОБАКА (средняя)','PERUVIAN HAIRLESS DOG (Medium)','Перу','Peru',310,'с');
INSERT INTO breed_breed VALUES(195,5,'ПОДЕНКО ИБИЦЕНКО','IBIZAN PODENCO','Португалия','Portugal',89,'к');
INSERT INTO breed_breed VALUES(196,5,'ПОДЕНКО КАНАРИО','CANARIAN WARREN HOUND','Испания','Spain',329,'к');
INSERT INTO breed_breed VALUES(197,5,'ПОРТУГАЛЬСКИЙ ПОДЕНГУ (большой)','PORTUGUESE PODENGO (large)','Португалия','Portugal',94,'к');
INSERT INTO breed_breed VALUES(198,5,'ПОРТУГАЛЬСКИЙ ПОДЕНГУ (малый)','PORTUGUESE PODENGO (small)','Португалия','Portugal',94,'м');
INSERT INTO breed_breed VALUES(199,5,'ПОРТУГАЛЬСКИЙ ПОДЕНГУ (средний)','PORTUGUESE PODENGO (medium)','Португалия','Portugal',94,'с');
INSERT INTO breed_breed VALUES(200,5,'РУССКО-ЕВРОПЕЙСКАЯ ЛАЙКА','RUSSKO-EVROPEISKAYA LAIKA (RUSSIAN-EUROPEAN LAIKA)','Россия','Russia',304,'с');
INSERT INTO breed_breed VALUES(201,5,'САМОЕД','SAMOYED','Россия','Russia',212,'с');
INSERT INTO breed_breed VALUES(202,5,'СИБА','SHIBA','Япония','Japan',257,'с');
INSERT INTO breed_breed VALUES(203,5,'СИБИРСКИЙ ХАСКИ','SIBERIAN HUSKY','США','USA',270,'с');
INSERT INTO breed_breed VALUES(204,5,'СИКОКУ','SHIKOKU','Япония','Japan',319,'с');
INSERT INTO breed_breed VALUES(205,5,'ТАЙВАНЬСКАЯ СОБАКА','TAIWAN DOG','Тайвань','Taiwan',348,'с');
INSERT INTO breed_breed VALUES(206,5,'ТАЙСКИЙ БАНГКЕУ ДОГ','THAI BANGKAEW DOG','Таиланд','Thailand',358,'с');
INSERT INTO breed_breed VALUES(207,5,'ТАЙСКИЙ РИДЖБЕК','THAI RIDGEBACK DOG','Таиланд','Thailand',338,'с');
INSERT INTO breed_breed VALUES(208,5,'ФАРАОНОВА СОБАКА','PHARAOH HOUND','Мальта','Malta',248,'с');
INSERT INTO breed_breed VALUES(209,5,'ФИНСКИЙ ЛАПХУНД','FINNISH LAPPONIAN DOG','Финляндия','Finland',189,'с');
INSERT INTO breed_breed VALUES(210,5,'ФИНСКИЙ ШПИЦ','FINNISH SPITZ','Финляндия','Finland',49,'с');
INSERT INTO breed_breed VALUES(211,5,'ХАНААНСКАЯ СОБАКА','CANAAN DOG','Израиль','Israel',273,'с');
INSERT INTO breed_breed VALUES(212,5,'ХОККАЙДО','HOKKAIDO','Япония','Japan',261,'с');
INSERT INTO breed_breed VALUES(213,5,'ЧАУ ЧАУ','CHOW CHOW','Китай','China',205,'с');
INSERT INTO breed_breed VALUES(214,5,'ЧИРНЕКО ДЕЛЬ’ЭТНА','CIRNECO DELL’ETNA','Италия','Italy',199,'с');
INSERT INTO breed_breed VALUES(215,5,'ЧУКОТСКАЯ ЕЗДОВАЯ ЛАЙКА','CHUKOTSKAYA EZDOVAYA LAIKA (CHUKOTKA SLEDGE DOG)','Россия','Russia',0,'с');
INSERT INTO breed_breed VALUES(216,5,'ШВЕДСКИЙ БЕЛЫЙ ЭЛЬКХУНД','SWEDISH WHITE ELKHUND','Швеция','Sweden',0,'с');
INSERT INTO breed_breed VALUES(217,5,'ШВЕДСКИЙ ВАЛЬХУНД','SWEDISH VALLHUND','Швеция','Sweden',14,'с');
INSERT INTO breed_breed VALUES(218,5,'ШВЕДСКИЙ ЛАППХУНД','SWEDISH LAPPHUND','Швеция','Sweden',135,'с');
INSERT INTO breed_breed VALUES(219,5,'ЯКУТСКАЯ ЛАЙКА','YAKUTSKAYA LAIKA (YAKUTIAN LAIKA)','Россия','Russia',365,'с');
INSERT INTO breed_breed VALUES(220,5,'ЯМТХУНД','JAMTHUND','Швеция','Sweden',42,'с');
INSERT INTO breed_breed VALUES(221,5,'ЯПОНСКИЙ ШПИЦ','JAPANESE SPITZ','Япония','Japan',262,'с');
INSERT INTO breed_breed VALUES(222,6,'АВСТРИЙСКАЯ ЧЕРНО-ПОДПАЛАЯ ГОНЧАЯ','AUSTRIAN BLACK AND TAN HOUND','Австрия','Austria',63,'с');
INSERT INTO breed_breed VALUES(223,6,'АЛЬПИЙСКИЙ ТАКСООБРАЗНЫЙ БРАКК','ALPINE DACHSBRACKE','Австрия','Austria',254,'с');
INSERT INTO breed_breed VALUES(224,6,'АМЕРИКАНСКИЙ ФОКСХАУНД','AMERICAN FOXHOUND','США','USA',303,'к');
INSERT INTO breed_breed VALUES(225,6,'АНГЛИЙСКИЙ ФОКСХАУНД','ENGLISH FOXHOUND','Великобритания','Great Britain',159,'к');
INSERT INTO breed_breed VALUES(226,6,'АНГЛО-ФРАНЦУЗСКАЯ МАЛАЯ ГОНЧАЯ','MEDIUM-SIZED ANGLO-FRENCH HOUND','Франция','France',325,'с');
INSERT INTO breed_breed VALUES(227,6,'АРТЕЗИАНО-НОРМАНДСКИЙ БАССЕТ','NORMAND ARTESIEN BASSET','Франция','France',34,'с');
INSERT INTO breed_breed VALUES(228,6,'АРЬЕЖСКАЯ ГОНЧАЯ','ARIEGE HOUND','Франция','France',20,'с');
INSERT INTO breed_breed VALUES(229,6,'БАВАРСКАЯ ГОРНАЯ ГОНЧАЯ','BAVARIAN MOUNTAIN SCENT HOUND','Германия','Germany',217,'с');
INSERT INTO breed_breed VALUES(230,6,'БАССЕТ ХАУНД','BASSET HOUND','Великобритания','Great Britain',163,'с');
INSERT INTO breed_breed VALUES(231,6,'БИГЛЬ','BEAGLE','Великобритания','Great Britain',161,'с');
INSERT INTO breed_breed VALUES(232,6,'БИГЛЬ ХАРЬЕР','BEAGLE HARRIER','Франция','France',290,'с');
INSERT INTO breed_breed VALUES(233,6,'БИЛЛИ','BILLY','Франция','France',25,'с');
INSERT INTO breed_breed VALUES(234,6,'БЛАДХАУНД','BLOODHOUND','Бельгия','Belgium',84,'к');
INSERT INTO breed_breed VALUES(235,6,'БОЛЬШАЯ АНГЛО-ФРАНЦУЗСКАЯ БЕЛО-ОРАНЖЕВАЯ ГОНЧАЯ','GREAT ANGLO-FRENCH WHITE AND ORANGE HOUND','Франция','France',324,'к');
INSERT INTO breed_breed VALUES(236,6,'БОЛЬШАЯ АНГЛО-ФРАНЦУЗСКАЯ БЕЛО-ЧЕРНАЯ ГОНЧАЯ','GREAT ANGLO-FRENCH WHITE AND BLACK HOUND','Франция','France',323,'к');
INSERT INTO breed_breed VALUES(237,6,'БОЛЬШАЯ АНГЛО-ФРАНЦУЗСКАЯ ТРЕХЦВЕТНАЯ ГОНЧАЯ','GREAT ANGLO-FRENCH TRICOLOUR HOUND','Франция','France',322,'к');
INSERT INTO breed_breed VALUES(238,6,'БОЛЬШАЯ ГОЛУБАЯ ГАСКОНСКАЯ ГОНЧАЯ','GREAT GASCONY BLUE','Франция','France',22,'к');
INSERT INTO breed_breed VALUES(239,6,'БОЛЬШОЙ ВАНДЕЙСКИЙ БАССЕТ ГРИФФОН','GRAND BASSET GRIFFON VENDEEN','Франция','France',33,'с');
INSERT INTO breed_breed VALUES(240,6,'БОЛЬШОЙ ВАНДЕЙСКИЙ ГРИФФОН','GRAND GRIFFON VENDÉEN','Франция','France',282,'к');
INSERT INTO breed_breed VALUES(241,6,'БОСНИЙСКАЯ ГРУБОШЕРСТНАЯ ГОНЧАЯ (БАРАК)','BOSNIAN BROKEN-HAIRED HOUND-CALLED BARAK','Босния','Bosnia',155,'с');
INSERT INTO breed_breed VALUES(242,6,'БРЕТОНСКИЙ РЫЖИЙ БАССЕТ','BASSET FAUVE DE BRETAGNE','Франция','France',36,'с');
INSERT INTO breed_breed VALUES(243,6,'БРЕТОНСКИЙ РЫЖИЙ ГРИФФОН','GRIFFON FAUVE DE BRETAGNE','Франция','France',66,'с');
INSERT INTO breed_breed VALUES(244,6,'ВАНДЕЙСКИЙ ГРИФФОН БРИКЕ','BRIQUET GRIFFON VENDÉEN ','Франция','France',19,'с');
INSERT INTO breed_breed VALUES(245,6,'ВЕНГЕРСКАЯ ТРАНСИЛЬВАНСКАЯ ГОНЧАЯ','HUNGARIAN HOUND – TRANSYLVANIAN SCENT HOUND','Венгрия','Hungary',241,'с');
INSERT INTO breed_breed VALUES(246,6,'ВЕСТФАЛЬСКИЙ ТАКСООБРАЗНЫЙ БРАК','WESTPHALIAN DACHSBRACKE','Германия','Germany',100,'с');
INSERT INTO breed_breed VALUES(247,6,'ГАННОВЕРСКАЯ ГОНЧАЯ','HANNOVERSCHER SCHWEISSHUND','Германия','Germany',213,'с');
INSERT INTO breed_breed VALUES(248,6,'ГАСКОНСКО-СЕНТОНЖСКАЯ ГОНЧАЯ','GASCON SAINTONGEOIS','Франция','France',21,'с');
INSERT INTO breed_breed VALUES(249,6,'ГОЛУБОЙ ГАСКОНСКИЙ БАССЕТ','BLUE GASCONY BASSET','Франция','France',35,'с');
INSERT INTO breed_breed VALUES(250,6,'ГОЛУБОЙ ГАСКОНСКИЙ ГРИФФОН','BLUE GASCONY GRIFFON','Франция','France',32,'с');
INSERT INTO breed_breed VALUES(251,6,'ГОНЧАЯ ГАМИЛЬТОНА','HAMILTONSTOVARE','Швеция','Sweden',132,'с');
INSERT INTO breed_breed VALUES(252,6,'ГОНЧАЯ Д’АРТУА','ARTOIS HOUND','Франция','France',28,'с');
INSERT INTO breed_breed VALUES(253,6,'ГОНЧАЯ ШИЛЛЕРА','SCHILLERSTOVARE','Швеция','Sweden',131,'с');
INSERT INTO breed_breed VALUES(254,6,'ГРЕЧЕСКАЯ ГОНЧАЯ','HELLENIC HOUND','Греция','Greece',214,'с');
INSERT INTO breed_breed VALUES(255,6,'ДАЛМАТИН','DALMATIAN','Хорватия','Croatia',153,'с');
INSERT INTO breed_breed VALUES(256,6,'ДРЕВЕР','DREVER','Швеция','Sweden',130,'с');
INSERT INTO breed_breed VALUES(257,6,'ИСПАНСКАЯ ГОНЧАЯ','SPANISH HOUND','Испания','Spain',204,'с');
INSERT INTO breed_breed VALUES(258,6,'ИСТРИЙСКАЯ Ж-Ш ГОНЧАЯ','ISTRIAN WIRE-HAIRED HOUND','Словения','Slovenia',152,'с');
INSERT INTO breed_breed VALUES(259,6,'ИСТРИЙСКАЯ К-Ш ГОНЧАЯ','ISTRIAN SHORT-HAIRED HOUND','Словения','Slovenia',151,'с');
INSERT INTO breed_breed VALUES(260,6,'ИТАЛЬЯНСКАЯ Ж-Ш ГОНЧАЯ','ITALIAN ROUGH-HAIRED HOUND','Италия','Italy',198,'с');
INSERT INTO breed_breed VALUES(261,6,'ИТАЛЬЯНСКАЯ К-Ш ГОНЧАЯ','ITALIAN SHORT-HAIRED HOUND','Италия','Italy',337,'с');
INSERT INTO breed_breed VALUES(262,6,'ЛИТОВСКАЯ ГОНЧАЯ','LITHUANIAN HOUND','Литва','Lithuania ',0,'с');
INSERT INTO breed_breed VALUES(263,6,'МАЛАЯ ГОЛУБАЯ ГАСКОНСКАЯ ГОНЧАЯ','SMALL BLUE GASCONY','Франция','France',31,'с');
INSERT INTO breed_breed VALUES(264,6,'МАЛЫЙ ВАНДЕЙСКИЙ БАССЕТ ГРИФФОН','PETIT BASSET GRIFFON VENDÉEN','Франция','France',67,'с');
INSERT INTO breed_breed VALUES(265,6,'МАРЕММСКАЯ ГОНЧАЯ','SEGUGIO MAREMMANO','Италия','Italy',361,'с');
INSERT INTO breed_breed VALUES(266,6,'НЕМЕЦКАЯ ГОНЧАЯ','GERMAN HOUND','Германия','Germany',299,'с');
INSERT INTO breed_breed VALUES(267,6,'НИВЕРНЕЗСКИЙ ГРИФФОН','GRIFFON NIVERNAIS','Франция','France',17,'с');
INSERT INTO breed_breed VALUES(268,6,'НОРВЕЖСКАЯ ГОНЧАЯ ДУНКЕР','NORWEGIAN HOUND (DUNKER)','Норвегия','Norway',203,'с');
INSERT INTO breed_breed VALUES(269,6,'ОТТЕРХАУНД','OTTERHOUND','Великобритания','Great Britain',294,'с');
INSERT INTO breed_breed VALUES(270,6,'ПОЛЬСКАЯ ГОНЧАЯ','POLISH HOUND','Польша','Poland',52,'с');
INSERT INTO breed_breed VALUES(271,6,'ПОЛЬСКАЯ ОХОТНИЧЬЯ СОБАКА','POLISH HUNTING DOG','Польша','Poland',354,'с');
INSERT INTO breed_breed VALUES(272,6,'ПОРСЕЛЕН','PORCELAINE','Франция','France',30,'с');
INSERT INTO breed_breed VALUES(273,6,'ПОСАВСКАЯ ГОНЧАЯ','POSAVATZ HOUND','Хорватия','Croatia',154,'с');
INSERT INTO breed_breed VALUES(274,6,'ПУАТЕВЕН','POITEVIN','Франция','France',24,'с');
INSERT INTO breed_breed VALUES(275,6,'РОДЕЗИЙСКИЙ РИДЖБЕК','RHODESIAN RIDGEBACK','ЮАР','RSA',146,'к');
INSERT INTO breed_breed VALUES(276,6,'РУССКАЯ ГОНЧАЯ','RUSSKAYA GONCHAYA (RUSSIAN HOUND)','Россия','Russia',0,'к');
INSERT INTO breed_breed VALUES(277,6,'РУССКАЯ ПЕГАЯ ГОНЧАЯ','RUSSKAYA PEGAYA GONCHAYA (RUSSIAN PIED HOUND)','Россия','Russia',0,'к');
INSERT INTO breed_breed VALUES(278,6,'СЕРБСКАЯ ГОНЧАЯ','SERBIAN HOUND','Сербия','Serbia',150,'с');
INSERT INTO breed_breed VALUES(279,6,'СЕРБСКАЯ ТРЕХЦВЕТНАЯ ГОНЧАЯ','SERBIAN TRICOLOUR HOUND','Сербия','Serbia',229,'с');
INSERT INTO breed_breed VALUES(280,6,'СЛОВАЦКАЯ ГОНЧАЯ','SLOVAKIAN HOUND','Словакия','Slovakia',244,'с');
INSERT INTO breed_breed VALUES(281,6,'СМОЛАНДСКАЯ ГОНЧАЯ','SMALANDSSTOVARE','Швеция','Sweden',129,'с');
INSERT INTO breed_breed VALUES(282,6,'ТИРОЛЬСКАЯ ГОНЧАЯ','TYROLEAN HOUND','Австрия','Austria',68,'с');
INSERT INTO breed_breed VALUES(283,6,'ФИНСКАЯ ГОНЧАЯ','FINNISH HOUND','Финляндия','Finland',51,'с');
INSERT INTO breed_breed VALUES(284,6,'ФРАНЦУЗСКАЯ БЕЛО-ОРАНЖЕВАЯ ГОНЧАЯ','FRENCH WHITE AND ORANGE HOUND','Франция','France',316,'с');
INSERT INTO breed_breed VALUES(285,6,'ФРАНЦУЗСКАЯ БЕЛО-ЧЕРНАЯ ГОНЧАЯ','FRENCH WHITE AND BLACK HOUND','Франция','France',220,'с');
INSERT INTO breed_breed VALUES(286,6,'ФРАНЦУЗСКАЯ ТРЕХЦВЕТНАЯ ГОНЧАЯ','FRENCH TRICOLOUR HOUND','Франция','France',219,'с');
INSERT INTO breed_breed VALUES(287,6,'ХАЛЬДЕНСКАЯ ГОНЧАЯ','HALDEN HOUND','Норвегия','Norway',267,'с');
INSERT INTO breed_breed VALUES(288,6,'ХАРЬЕР','HARRIER','Великобритания','Great Britain',295,'с');
INSERT INTO breed_breed VALUES(289,6,'ХИГЕНСКАЯ ГОЧАЯ','HYGEN HOUND','Норвегия','Norway',266,'с');
INSERT INTO breed_breed VALUES(290,6,'ЧЕРНОГОРСКАЯ ГОРНАЯ ГОНЧАЯ','MONTENEGRIN MOUNTAIN HOUND','Черногория','Montenegro',279,'с');
INSERT INTO breed_breed VALUES(291,6,'ЧЕРНО-ПОДПАЛЫЙ КУНХАУНД','BLACK AND TAN COONHOUND','США','USA',300,'с');
INSERT INTO breed_breed VALUES(292,6,'ШВЕЙЦАРСКАЯ ГОНЧАЯ','SWISS HOUND','Швейцария','Switzerland',59,'с');
INSERT INTO breed_breed VALUES(293,6,'ШВЕЙЦАРСКАЯ КОРОТКОНОГАЯ ГОНЧАЯ','SWISS SHORT-LEGGED HOUND','Швейцария','Switzerland',60,'с');
INSERT INTO breed_breed VALUES(294,6,'ШТИРИЙСКИЙ ЖЕСТКОШЕРСТНЫЙ БРАКК','COARSE-HAIRED STYRIAN HOUND','Австрия','Austria',62,'с');
INSERT INTO breed_breed VALUES(295,6,'ЭСТОНСКАЯ ГОНЧАЯ','ESTONIAN HOUND','Эстония','Estonia',366,'с');
INSERT INTO breed_breed VALUES(296,7,'АНГЛИЙСКИЙ ПОЙНТЕР','ENGLISH POINTER','Великобритания','Great Britain',1,'к');
INSERT INTO breed_breed VALUES(297,7,'АНГЛИЙСКИЙ СЕТТЕР','ENGLISH SETTER','Великобритания','Great Britain',2,'к');
INSERT INTO breed_breed VALUES(298,7,'АРЬЕЖСКАЯ ЛЕГАВАЯ','ARIEGE POINTING DOG','Франция','France',177,'с');
INSERT INTO breed_breed VALUES(299,7,'БОГЕМСКИЙ ЖЕСТКОШЕРСТНЫЙ ЛЕГАВЫЙ ГРИФФОН','BOHEMIAN WIRE-HAIRED POINTING GRIFFON','Чехия','Czech republic',245,'к');
INSERT INTO breed_breed VALUES(300,7,'БОЛЬШОЙ МЮНСТЕРЛЕНДЕР','LARGE MUNSTERLANDER','Германия','Germany',118,'к');
INSERT INTO breed_breed VALUES(301,7,'БРЕТОНСКИЙ ЭПАНЬОЛЬ','BRITTANY SPANIEL','Франция','France',95,'с');
INSERT INTO breed_breed VALUES(302,7,'БУРБОНСКАЯ ЛЕГАВАЯ','BOURBONNAIS POINTING DOG','Франция','France',179,'с');
INSERT INTO breed_breed VALUES(303,7,'БУРГОССКАЯ ЛЕГАВАЯ','BURGOS POINTING DOG','Испания','Spain',90,'с');
INSERT INTO breed_breed VALUES(304,7,'ВЕЙМАРАНЕР Д-Ш','WEIMARANER LONG-HARIED','Германия','Germany',99,'к');
INSERT INTO breed_breed VALUES(305,7,'ВЕЙМАРАНЕР К-Ш','WEIMARANER SHORT-HAIRED','Германия','Germany',99,'к');
INSERT INTO breed_breed VALUES(306,7,'ВЕНГЕРСКАЯ ВЫЖЛА Ж-Ш','HUNGARIAN WIRE-HAIRED POINTER (VIZSLA)','Венгрия','Hungary',239,'с');
INSERT INTO breed_breed VALUES(307,7,'ВЕНГЕРСКАЯ ВЫЖЛА К-Ш','HUNGARIAN SHORT-HAIRED POINTER (VIZSLA)','Венгрия','Hungary',57,'с');
INSERT INTO breed_breed VALUES(308,7,'ГОЛУБОЙ ПИКАРДИЙСКИЙ СПАНИЕЛЬ','BLUE PICARDY SPANIEL','Франция','France',106,'с');
INSERT INTO breed_breed VALUES(309,7,'ГРИФФОН КОРТАЛЬСА','WIRE-HAIRED POINTING GRIFFON KORTHALS','Франция','France',107,'к');
INSERT INTO breed_breed VALUES(310,7,'ДРЕНТСКАЯ КУРОПАТОЧНАЯ СОБАКА','DRENTSCHE PARTRIDGE DOG','Нидерланды','Netherlands',224,'с');
INSERT INTO breed_breed VALUES(311,7,'ИРЛАНДСКИЙ КРАСНО-БЕЛЫЙ СЕТТЕР','IRISH RED AND WHITE SETTER','Ирландия','Ireland',330,'к');
INSERT INTO breed_breed VALUES(312,7,'ИРЛАНДСКИЙ КРАСНЫЙ СЕТТЕР','IRISH RED SETTER','Ирландия','Ireland',120,'к');
INSERT INTO breed_breed VALUES(313,7,'ИТАЛЬЯНСКИЙ БРАКК','ITALIAN POINTING DOG','Италия','Italy',202,'к');
INSERT INTO breed_breed VALUES(314,7,'ИТАЛЬЯНСКИЙ СПИНОНЕ','ITALIAN SPINONE','Италия','Italy',165,'к');
INSERT INTO breed_breed VALUES(315,7,'МАЛЫЙ МЮНСТЕРЛЕНДЕР','KLEINER MUNSTERLANDER','Германия','Germany',102,'с');
INSERT INTO breed_breed VALUES(316,7,'НЕМЕЦКАЯ Д-Ш ЛЕГАВАЯ (ЛАНГХААР)','GERMAN LANGHAAR','Германия','Germany',117,'к');
INSERT INTO breed_breed VALUES(317,7,'НЕМЕЦКАЯ Ж-Ш ЛЕГАВАЯ (ДРАТХААР)','GERMAN WIRE-HAIRED POINTING DOG (DEUTSCH DRATHAAR)','Германия','Germany',98,'к');
INSERT INTO breed_breed VALUES(318,7,'НЕМЕЦКАЯ К-Ш ЛЕГАВАЯ (КУРЦХААР)','GERMAN SHORT-HAIRED POINTING DOG (DEUTSCH KURZHAAR)','Германия','Germany',119,'к');
INSERT INTO breed_breed VALUES(319,7,'НЕМЕЦКИЙ ШТИХЕЛЬХААР','DEUTSCH STICHELHAAR','Германия','Germany',232,'к');
INSERT INTO breed_breed VALUES(320,7,'ОВЕРНСКИЙ ПОЙНТЕР','AUVERGNE POINTER','Франция','France',180,'с');
INSERT INTO breed_breed VALUES(321,7,'ПИКАРДИЙСКИЙ СПАНИЕЛЬ','PICARDY SPANIEL','Франция','France',108,'с');
INSERT INTO breed_breed VALUES(322,7,'ПОНТ-ОДЕМЕРСКИЙ СПАНИЕЛЬ','PONT-AUDEMER SPANIEL','Франция','France',114,'с');
INSERT INTO breed_breed VALUES(323,7,'ПОРТУГАЛЬСКАЯ ЛЕГАВАЯ','PORTUGUESE POINTING DOG','Португалия','Portugal',187,'с');
INSERT INTO breed_breed VALUES(324,7,'ПУДЕЛЬПОЙНТЕР','PUDELPOINTER','Германия','Germany',216,'к');
INSERT INTO breed_breed VALUES(325,7,'СЕН-ЖЕРМЕНСКИЙ ПОЙНТЕР','SAINT GERMAIN POINTER','Франция','France',115,'к');
INSERT INTO breed_breed VALUES(326,7,'СЕТТЕР ГОРДОН','GORDON SETTER','Великобритания','Great Britain',6,'к');
INSERT INTO breed_breed VALUES(327,7,'СЛОВАЦКАЯ ГРУБОШЕРСТНАЯ ЛЕГАВАЯ','WIREHAIRED SLOVAKIAN POINTER','Словакия','Slovakia',320,'к');
INSERT INTO breed_breed VALUES(328,7,'СТАБИХУН','STABIJHOUN','Нидерланды','Netherlands',222,'с');
INSERT INTO breed_breed VALUES(329,7,'СТАРОДАТСКАЯ ЛЕГАВАЯ','OLD DANISH POINTING DOG','Дания','Denmark',281,'с');
INSERT INTO breed_breed VALUES(330,7,'ФРАНЦУЗСКАЯ ЛЕГАВАЯ ГАСКОНСКОГО ТИПА','FRENCH POINTING DOG – GASCOGNE TYPE','Франция','France',133,'к');
INSERT INTO breed_breed VALUES(331,7,'ФРАНЦУЗСКАЯ ЛЕГАВАЯ ПИРИНЕЙСКОГО ТИПА','FRENCH POINTING DOG PYRENEAN TYPE','Франция','France',134,'с');
INSERT INTO breed_breed VALUES(332,7,'ФРАНЦУЗСКИЙ СПАНИЕЛЬ','FRENCH SPANIEL','Франция','France',175,'с');
INSERT INTO breed_breed VALUES(333,8,'АМЕРИКАНСКИЙ ВОДЯНОЙ СПАНИЕЛЬ','AMERICAN WATER SPANIEL','США','USA',301,'с');
INSERT INTO breed_breed VALUES(334,8,'АМЕРИКАНСКИЙ КОКЕР СПАНИЕЛЬ','AMERICAN COCKER SPANIEL','США','USA',167,'с');
INSERT INTO breed_breed VALUES(335,8,'АНГЛИЙСКИЙ КОКЕР СПАНИЕЛЬ','ENGLISH COCKER SPANIEL','Великобритания','Great Britain',5,'с');
INSERT INTO breed_breed VALUES(336,8,'АНГЛИЙСКИЙ СПРИНГЕР СПАНИЕЛЬ','ENGLISH SPRINGER SPANIEL','Великобритания','Great Britain',125,'с');
INSERT INTO breed_breed VALUES(337,8,'ВЕЛЬШ СПРИНГЕР СПАНИЕЛЬ','WELSH SPRINGER SPANIEL','Великобритания','Great Britain',126,'с');
INSERT INTO breed_breed VALUES(338,8,'ЗОЛОТИСТЫЙ РЕТРИВЕР','GOLDEN RETRIEVER','Великобритания','Great Britain',111,'к');
INSERT INTO breed_breed VALUES(339,8,'ИРЛАНДСКИЙ ВОДЯНОЙ СПАНИЕЛЬ','IRISH WATER SPANIEL','Ирландия','Ireland',124,'к');
INSERT INTO breed_breed VALUES(340,8,'ИСПАНСКАЯ ВОДЯНАЯ СОБАКА','SPANISH WATER DOG','Испания','Spain',336,'с');
INSERT INTO breed_breed VALUES(341,8,'КЛАМБЕР СПАНИЕЛЬ','CLUMBER SPANIEL','Великобритания','Great Britain',109,'с');
INSERT INTO breed_breed VALUES(342,8,'КОКЕРХОНДЕ','NEDERLANDSE KOOIKERHONDJE','Нидерланды','Netherlands',314,'с');
INSERT INTO breed_breed VALUES(343,8,'КУРЧАВОШЕРСТНЫЙ РЕТРИВЕР','CURLY COATED RETRIEVER','Великобритания','Great Britain',110,'к');
INSERT INTO breed_breed VALUES(344,8,'ЛАБРАДОР РЕТРИВЕР','LABRADOR RETRIEVER','Великобритания','Great Britain',122,'к');
INSERT INTO breed_breed VALUES(345,8,'ЛАГОТTО РОМАНЬОЛО','ROMAGNA WATER DOG (LAGOTTO ROMAGNOLO)','Италия','Italy',298,'с');
INSERT INTO breed_breed VALUES(346,8,'НЕМЕЦКИЙ СПАНИЕЛЬ','GERMAN SPANIEL','Германия','Germany',104,'с');
INSERT INTO breed_breed VALUES(347,8,'НОВОШОТЛАНДСКИЙ РЕТРИВЕР','NOVA SCOTIA DUCK TOLLING RETRIEVER','Канада','Canada',312,'с');
INSERT INTO breed_breed VALUES(348,8,'ПОРТУГАЛЬСКАЯ ВОДЯНАЯ СОБАКА','PORTUGUESE WATER DOG','Португалия','Portugal',37,'с');
INSERT INTO breed_breed VALUES(349,8,'ПРЯМОШЕРСТНЫЙ РЕТРИВЕР','FLAT COATED RETRIEVER','Великобритания','Great Britain',121,'к');
INSERT INTO breed_breed VALUES(350,8,'РУССКИЙ ОХОТНИЧИЙ СПАНИЕЛЬ','RUSSKIY OHOTNICHIY SPANIEL (RUSSIAN HUNTING SPANIEL)','Россия','Russia',0,'с');
INSERT INTO breed_breed VALUES(351,8,'СУССЕКС СПАНИЕЛЬ','SUSSEX SPANIEL','Великобритания','Great Britain',127,'с');
INSERT INTO breed_breed VALUES(352,8,'ФИЛД СПАНИЕЛЬ','FIELD SPANIEL','Великобритания','Great Britain',123,'с');
INSERT INTO breed_breed VALUES(353,8,'ФРАНЦУЗСКАЯ ВОДЯНАЯ СОБАКА (БАРБЕ)','FRENCH WATER DOG (BARBET)','Франция','France',105,'с');
INSERT INTO breed_breed VALUES(354,8,'ФРИЗСКАЯ ВОДЯНАЯ СОБАКА','FRISIAN WATER DOG','Нидерланды','Netherlands',221,'с');
INSERT INTO breed_breed VALUES(355,8,'ЧЕСАПИК БЕЙ РЕТРИВЕР','CHESAPEAKE BAY RETRIEVER','США','USA',263,'с');
INSERT INTO breed_breed VALUES(356,9,'БЕЛЬГИЙСКИЙ ГРИФФОН','GRIFFON BELGE','Бельгия','Belgium',81,'м');
INSERT INTO breed_breed VALUES(357,9,'БИВЕР ТЕРЬЕР','BIEWER TERRIER','Германия','Germany',0,'м');
INSERT INTO breed_breed VALUES(358,9,'БИШОН ФРИЗЕ','BICHON FRISE','Бельгия','Belgium',215,'м');
INSERT INTO breed_breed VALUES(359,9,'БОЛОНЬЕЗЕ','BOLOGNESE','Италия','Italy',196,'м');
INSERT INTO breed_breed VALUES(360,9,'БОСТОН ТЕРЬЕР','BOSTON TERRIER','США','USA',140,'м');
INSERT INTO breed_breed VALUES(361,9,'БРЮССЕЛЬСКИЙ ГРИФФОН','GRIFFON BRUXELLOIS','Бельгия','Belgium',80,'м');
INSERT INTO breed_breed VALUES(362,9,'КАВАЛЕР КИНГ ЧАРЛЬЗ СПАНИЕЛЬ','CAVALIER KING CHARLES SPANIEL','Великобритания','Great Britain',136,'м');
INSERT INTO breed_breed VALUES(363,9,'КИНГ ЧАРЛЬЗ СПАНИЕЛЬ','KING CHARLES SPANIEL','Великобритания','Great Britain',128,'м');
INSERT INTO breed_breed VALUES(364,9,'КИТАЙСКАЯ ХОХЛАТАЯ СОБАКА','CHINESE CRESTED DOG HAIRLESS','Китай','China',288,'м');
INSERT INTO breed_breed VALUES(365,9,'КИТАЙСКАЯ ХОХЛАТАЯ СОБАКА ПУХ.','CHINESE CRESTED DOG POWDER PUFF','Китай','China',288,'м');
INSERT INTO breed_breed VALUES(366,9,'КОНТИНЕНТАЛЬНЫЙ ТОЙ СПАНИЕЛЬ ПАПИЙОН','CONTINENTAL TOY SPANIEL PAPILLON','Бельгия','Belgium',77,'м');
INSERT INTO breed_breed VALUES(367,9,'КОНТИНЕНТАЛЬНЫЙ ТОЙ СПАНИЕЛЬ ФАЛЕН','CONTINENTAL TOY SPANIEL PHALENE','Бельгия','Belgium',77,'м');
INSERT INTO breed_breed VALUES(368,9,'КОТОН ДЕ ТУЛЕАР','COTON DE TULEAR','Мадагаскар','Madagascar',283,'м');
INSERT INTO breed_breed VALUES(369,9,'КРОМФОРЛЕНДЕР','KROMFOHRLANDER','Германия','Germany',192,'с');
INSERT INTO breed_breed VALUES(370,9,'ЛХАССКИЙ АПСО','LHASA APSO','Тибет','Tibet',227,'м');
INSERT INTO breed_breed VALUES(371,9,'МАЛАЯ ЛЬВИНАЯ СОБАКА','LITTLE LION DOG','Франция','France',233,'м');
INSERT INTO breed_breed VALUES(372,9,'МАЛЬТЕЗЕ','MALTESE','Италия','Italy',65,'м');
INSERT INTO breed_breed VALUES(373,9,'МОПС','PUG','Великобритания','Great Britain',253,'м');
INSERT INTO breed_breed VALUES(374,9,'ПЕКИНЕС','PEKINGESE','Китай','China',207,'м');
INSERT INTO breed_breed VALUES(375,9,'ПРАЖСКИЙ КРЫСАРИК','PRAGUE RATTER','Чехия','Czech republic',363,'м');
INSERT INTO breed_breed VALUES(376,9,'ПТИ БРАБАНСОН','PETIT BRABANÇON','Бельгия','Belgium',82,'м');
INSERT INTO breed_breed VALUES(377,9,'ПУДЕЛЬ МИНИАТЮРНЫЙ','POODLE MINIATURE','Франция','France',172,'м');
INSERT INTO breed_breed VALUES(378,9,'ПУДЕЛЬ СРЕДНИЙ','POODLE MEDIUM','Франция','France',172,'с');
INSERT INTO breed_breed VALUES(379,9,'ПУДЕЛЬ СТАНДАРТНЫЙ','POODLE STANDARD','Франция','France',172,'с');
INSERT INTO breed_breed VALUES(380,9,'ПУДЕЛЬ ТОЙ','POODLE TOY','Франция','France',172,'м');
INSERT INTO breed_breed VALUES(381,9,'РУССКАЯ САЛОННАЯ СОБАКА','RUSSKAYA SALONNAYA SOBAKA (RUSSIAN SALON DOG)','Россия','Russia',0,'м');
INSERT INTO breed_breed VALUES(382,9,'РУССКАЯ ЦВЕТНАЯ БОЛОНКА','RUSSKAYA TSVETNAYA BOLONKA (RUSSIAN COLOURED BICHON)','Россия','Russia',0,'м');
INSERT INTO breed_breed VALUES(383,9,'РУССКИЙ ТОЙ Г-Ш','RUSSKIY TOY (RUSSIAN TOY) SMOOTH-HAIRED','Россия','Russia',352,'м');
INSERT INTO breed_breed VALUES(384,9,'РУССКИЙ ТОЙ Д-Ш','RUSSKIY TOY (RUSSIAN TOY) LONG-HAIRED','Россия','Russia',352,'м');
INSERT INTO breed_breed VALUES(385,9,'ТИБЕТСКИЙ СПАНИЕЛЬ','TIBETAN SPANIEL','Тибет','Tibet',231,'м');
INSERT INTO breed_breed VALUES(386,9,'ТИБЕТСКИЙ ТЕРЬЕР','TIBETAN TERRIER','Тибет','Tibet',209,'с');
INSERT INTO breed_breed VALUES(387,9,'ТОЙ ФОКСТЕРЬЕР','TOY FOX TERRIER','США','USA',0,'м');
INSERT INTO breed_breed VALUES(388,9,'ФРАНЦУЗСКИЙ БУЛЬДОГ','FRENCH BULLDOG','Франция','France',101,'с');
INSERT INTO breed_breed VALUES(389,9,'ХАВАНЕЗ','HAVANESE','Куба','Cuba',250,'м');
INSERT INTO breed_breed VALUES(390,9,'ЧИХУАХУА Д-Ш','CHIHUAHUA LONG-HAIRED','Мексика','Mexico',218,'м');
INSERT INTO breed_breed VALUES(391,9,'ЧИХУАХУА К-Ш','CHIHUAHUA SMOOTH-HAIRED','Мексика','Mexico',218,'м');
INSERT INTO breed_breed VALUES(392,9,'ШИ ТЦУ','SHIH TZU','Тибет','Tibet',208,'м');
INSERT INTO breed_breed VALUES(393,9,'ШЬЕН ПАРТИКОЛОР А ПУАЛЬ ФРИЗЕ МИНИАТЮРНЫЙ','CHIEN PARTICOLORE A POIL FRISE MINIATURE','Франция','France',0,'м');
INSERT INTO breed_breed VALUES(394,9,'ШЬЕН ПАРТИКОЛОР А ПУАЛЬ ФРИЗЕ СРЕДНИЙ','CHIEN PARTICOLORE A POIL FRISE MEDIUM','Франция','France',0,'с');
INSERT INTO breed_breed VALUES(395,9,'ШЬЕН ПАРТИКОЛОР А ПУАЛЬ ФРИЗЕ СТАНДАРТНЫЙ','CHIEN PARTICOLORE A POIL FRISE STANDART','Франция','France',0,'с');
INSERT INTO breed_breed VALUES(396,9,'ШЬЕН ПАРТИКОЛОР А ПУАЛЬ ФРИЗЕ ТОЙ','CHIEN PARTICOLORE A POIL FRISE TOY','Франция','France',0,'м');
INSERT INTO breed_breed VALUES(397,9,'ЯПОНСКИЙ ХИН','JAPANESE CHIN','Япония','Japan',206,'м');
INSERT INTO breed_breed VALUES(398,10,'АЗАВАК','AZAWAKH','Мали','Mali',307,'к');
INSERT INTO breed_breed VALUES(399,10,'АФГАНСКАЯ АБОРИГЕННАЯ БОРЗАЯ','ABORIGINAL AFGHAN HOUND','Афганистан','Afghanistan',0,'к');
INSERT INTO breed_breed VALUES(400,10,'АФГАНСКАЯ БОРЗАЯ','AFGHAN HOUND','Афганистан','Afghanistan',228,'к');
INSERT INTO breed_breed VALUES(401,10,'ВЕНГЕРСКАЯ БОРЗАЯ','HUNGARIAN GREYHOUND','Венгрия','Hungary',240,'к');
INSERT INTO breed_breed VALUES(402,10,'ГРЕЙХАУНД','GREYHOUND','Великобритания','Great Britain',158,'к');
INSERT INTO breed_breed VALUES(403,10,'ДИРХАУНД','DEERHOUND','Шотландия','Scotland',164,'к');
INSERT INTO breed_breed VALUES(404,10,'ИРЛАНДСКИЙ ВОЛЬФХАУНД','IRISH WOLFHOUND','Ирландия','Ireland',160,'г');
INSERT INTO breed_breed VALUES(405,10,'ИСПАНСКАЯ БОРЗАЯ','SPANISH GREYHOUND','Испания','Spain',285,'к');
INSERT INTO breed_breed VALUES(406,10,'МАЛАЯ ИТАЛЬЯНСКАЯ БОРЗАЯ','ITALIAN SIGHTHOUND','Италия','Italy',200,'м');
INSERT INTO breed_breed VALUES(407,10,'ПОЛЬСКАЯ БОРЗАЯ','POLISH GREYHOUND','Польша','Poland',333,'к');
INSERT INTO breed_breed VALUES(408,10,'РУССКАЯ ПСОВАЯ БОРЗАЯ','RUSSKAYA PSOVAYA BORZAYA (BORZOI)','Россия','Russia',193,'к');
INSERT INTO breed_breed VALUES(409,10,'САЛЮКИ','SALUKI','Ближний Восток','Middle East',269,'к');
INSERT INTO breed_breed VALUES(410,10,'СЛЮГИ','SLOUGHI','Марокко','Morocco',188,'к');
INSERT INTO breed_breed VALUES(411,10,'ТАЗЫ','TAZY','Казахстан','Kazakhstan',0,'к');
INSERT INTO breed_breed VALUES(412,10,'ТАЙГАН','TAYGAN','Киргизия','Kyrgyzstan',0,'к');
INSERT INTO breed_breed VALUES(413,10,'УИППЕТ','WHIPPET','Великобритания','Great Britain',162,'с');
INSERT INTO breed_breed VALUES(414,10,'ХОРТАЯ БОРЗАЯ','HORTAYA BORZAYA','Великобритания','Great Britain',0,'к');
INSERT INTO breed_breed VALUES(415,10,'ЮЖНОРУССКАЯ СТЕПНАЯ БОРЗАЯ','YOUZHNORUSSKAYA STEPNAYA BORZAYA (SOUTH RUSSIAN STEP SIGHTHOUND)','Россия','Russia',0,'к');
DELETE FROM sqlite_sequence;
INSERT INTO sqlite_sequence VALUES('django_migrations',19);
INSERT INTO sqlite_sequence VALUES('django_admin_log',0);
INSERT INTO sqlite_sequence VALUES('django_content_type',7);
INSERT INTO sqlite_sequence VALUES('auth_permission',28);
INSERT INTO sqlite_sequence VALUES('auth_group',0);
INSERT INTO sqlite_sequence VALUES('auth_user',0);
CREATE UNIQUE INDEX "auth_group_permissions_group_id_permission_id_0cd325b0_uniq" ON "auth_group_permissions" ("group_id", "permission_id");
CREATE INDEX "auth_group_permissions_group_id_b120cbf9" ON "auth_group_permissions" ("group_id");
CREATE INDEX "auth_group_permissions_permission_id_84c5c92e" ON "auth_group_permissions" ("permission_id");
CREATE UNIQUE INDEX "auth_user_groups_user_id_group_id_94350c0c_uniq" ON "auth_user_groups" ("user_id", "group_id");
CREATE INDEX "auth_user_groups_user_id_6a12ed8b" ON "auth_user_groups" ("user_id");
CREATE INDEX "auth_user_groups_group_id_97559544" ON "auth_user_groups" ("group_id");
CREATE UNIQUE INDEX "auth_user_user_permissions_user_id_permission_id_14a6b632_uniq" ON "auth_user_user_permissions" ("user_id", "permission_id");
CREATE INDEX "auth_user_user_permissions_user_id_a95ead1b" ON "auth_user_user_permissions" ("user_id");
CREATE INDEX "auth_user_user_permissions_permission_id_1fbb5f2c" ON "auth_user_user_permissions" ("permission_id");
CREATE INDEX "django_admin_log_content_type_id_c4bce8eb" ON "django_admin_log" ("content_type_id");
CREATE INDEX "django_admin_log_user_id_c564eba6" ON "django_admin_log" ("user_id");
CREATE UNIQUE INDEX "django_content_type_app_label_model_76bd3d3b_uniq" ON "django_content_type" ("app_label", "model");
CREATE UNIQUE INDEX "auth_permission_content_type_id_codename_01ab375a_uniq" ON "auth_permission" ("content_type_id", "codename");
CREATE INDEX "auth_permission_content_type_id_2f476e4b" ON "auth_permission" ("content_type_id");
CREATE INDEX "django_session_expire_date_a5c62663" ON "django_session" ("expire_date");
COMMIT;
